SaleID,SaleDate,ProductID,QuantitySold,SaleAmount,StoreID
1,2023-08-26 00:00:00,11,4,236.12,7
2,2023-07-23 00:00:00,10,1,479.64,10
3,2023-08-06 00:00:00,3,1,211.54,7
4,2023-12-07 00:00:00,14,4,423.1,6
5,2023-02-08 00:00:00,16,2,110.5,3
6,2023-04-10 00:00:00,10,3,342.78,10
7,2023-10-16 00:00:00,29,3,488.96,3
8,2023-09-11 00:00:00,10,1,68.91,2
9,2023-08-10 00:00:00,12,3,23.99,6
10,2023-12-23 00:00:00,30,2,228.12,4
11,2023-01-23 00:00:00,41,3,64.46,5
12,2023-09-07 00:00:00,1,1,379.22,3
13,2023-01-10 00:00:00,5,1,458.98,6
14,2023-09-03 00:00:00,20,2,228.33,3
15,2023-11-21 00:00:00,8,2,144.18,8
16,2023-04-10 00:00:00,43,3,228.51,9
17,2023-10-17 00:00:00,12,3,367.25,4
18,2023-06-29 00:00:00,1,1,24.35,9
19,2023-08-11 00:00:00,20,2,302.94,7
20,2023-09-07 00:00:00,28,2,314.38,3
21,2023-05-27 00:00:00,43,2,326.09,7
22,2023-04-06 00:00:00,37,3,136.17,1
23,2023-09-14 00:00:00,47,2,362.75,3
24,2023-11-21 00:00:00,37,1,63.87,6
25,2023-01-04 00:00:00,12,1,115.65,4
26,2023-01-16 00:00:00,37,3,441.19,7
27,2023-10-07 00:00:00,49,4,374.59,3
28,2023-12-02 00:00:00,49,3,26.6,1
29,2023-09-04 00:00:00,44,4,139.22,9
30,2023-09-15 00:00:00,28,2,122.92,6
31,2023-06-09 00:00:00,47,3,149.99,8
32,2023-12-06 00:00:00,15,1,138.83,3
33,2023-06-01 00:00:00,6,2,50.01,8
34,2023-06-27 00:00:00,44,1,240.29,2
35,2023-06-12 00:00:00,20,2,371.71,4
36,2023-02-02 00:00:00,50,3,311.23,3
37,2023-06-28 00:00:00,14,4,342.98,10
38,2023-04-11 00:00:00,2,2,58.95,1
39,2023-09-25 00:00:00,9,4,476.72,7
40,2023-11-19 00:00:00,37,2,422.48,10
41,2023-03-06 00:00:00,20,1,406.44,2
42,2023-06-17 00:00:00,26,1,415.03,4
43,2023-11-26 00:00:00,29,2,467.7,9
44,2023-02-12 00:00:00,1,4,281.24,6
45,2023-02-13 00:00:00,35,3,116.14,8
46,2023-10-12 00:00:00,6,3,316.06,2
47,2023-01-12 00:00:00,37,1,376.58,7
48,2023-04-05 00:00:00,5,3,374.2,6
49,2023-10-29 00:00:00,33,1,270.3,9
50,2023-09-10 00:00:00,49,3,52.86,7
51,2023-08-30 00:00:00,14,2,198.13,1
52,2023-02-04 00:00:00,12,1,461.97,8
53,2023-08-03 00:00:00,42,1,300.54,10
54,2023-12-03 00:00:00,20,2,278.4,3
55,2023-03-31 00:00:00,50,1,149.05,2
56,2023-09-21 00:00:00,24,3,196.86,3
57,2023-04-03 00:00:00,43,3,449.77,6
58,2023-03-31 00:00:00,34,1,339.9,3
59,2023-04-25 00:00:00,25,3,397.95,10
60,2023-04-15 00:00:00,50,4,238.09,5
61,2023-07-15 00:00:00,29,1,322.52,6
62,2023-11-10 00:00:00,39,2,139.22,8
63,2023-04-24 00:00:00,31,4,358.62,7
64,2023-03-16 00:00:00,47,1,225.25,8
65,2023-08-05 00:00:00,43,2,232.42,3
66,2023-10-04 00:00:00,50,3,331.67,4
67,2023-09-06 00:00:00,23,2,469.41,6
68,2023-06-13 00:00:00,44,4,50.72,7
69,2023-12-23 00:00:00,38,3,415.88,9
70,2023-07-11 00:00:00,20,1,160.34,1
71,2023-08-15 00:00:00,23,3,233.08,8
72,2023-06-26 00:00:00,45,1,30.52,8
73,2023-04-09 00:00:00,16,1,164.5,6
74,2023-02-05 00:00:00,50,2,261.26,4
75,2023-04-06 00:00:00,42,2,46.96,3
76,2023-06-01 00:00:00,8,2,255.73,3
77,2023-05-31 00:00:00,50,4,465.01,6
78,2023-07-09 00:00:00,21,4,70.59,8
79,2023-08-12 00:00:00,1,2,386.93,7
80,2023-02-06 00:00:00,8,4,216.64,1
81,2023-09-25 00:00:00,29,3,334.48,6
82,2023-07-02 00:00:00,32,3,144.91,7
83,2023-01-13 00:00:00,38,4,96.56,7
84,2023-10-06 00:00:00,5,4,97.02,9
85,2023-08-05 00:00:00,47,3,53.84,10
86,2023-12-21 00:00:00,22,1,109.11,5
87,2023-12-27 00:00:00,47,3,338.83,1
88,2023-10-13 00:00:00,34,3,443.21,2
89,2023-09-30 00:00:00,1,4,410.78,4
90,2023-03-03 00:00:00,26,3,348.86,5
91,2023-03-25 00:00:00,43,4,73.01,9
92,2023-08-05 00:00:00,10,4,158.81,1
93,2023-12-08 00:00:00,30,2,168.71,3
94,2023-07-06 00:00:00,50,3,139.98,5
95,2023-01-19 00:00:00,18,1,267.2,3
96,2023-06-26 00:00:00,17,2,277.07,4
97,2023-04-10 00:00:00,26,4,191.31,3
98,2023-08-21 00:00:00,8,4,189.82,4
99,2023-03-17 00:00:00,47,1,417.71,1
100,2023-09-22 00:00:00,40,4,398.86,8
101,2023-10-11 00:00:00,49,3,167.74,4
102,2023-07-25 00:00:00,12,2,458.62,7
103,2023-08-11 00:00:00,27,4,477.35,2
104,2023-02-21 00:00:00,8,4,176.84,2
105,2023-12-05 00:00:00,25,1,190.12,6
106,2023-05-24 00:00:00,46,3,262.7,2
107,2023-03-10 00:00:00,4,4,471.74,6
108,2023-04-09 00:00:00,33,1,440.63,2
109,2023-01-25 00:00:00,1,4,69.23,4
110,2023-02-22 00:00:00,19,1,208.51,7
111,2023-05-31 00:00:00,31,1,285.62,8
112,2023-05-24 00:00:00,16,3,261.5,3
113,2023-02-26 00:00:00,14,4,113.05,9
114,2023-02-08 00:00:00,48,3,432.23,2
115,2023-04-19 00:00:00,5,1,344.93,8
116,2023-06-30 00:00:00,41,2,422.2,8
117,2023-02-11 00:00:00,26,4,432.21,4
118,2023-07-05 00:00:00,28,2,379.21,1
119,2023-08-11 00:00:00,2,4,230.82,1
120,2023-05-02 00:00:00,50,3,313.06,2
121,2023-05-13 00:00:00,6,3,96.98,9
122,2023-06-12 00:00:00,9,3,343.35,2
123,2023-08-03 00:00:00,33,3,106.04,2
124,2023-08-09 00:00:00,41,3,353.1,6
125,2023-08-23 00:00:00,25,2,130.21,7
126,2023-11-27 00:00:00,48,3,76.42,7
127,2023-05-26 00:00:00,13,1,99.34,9
128,2023-08-27 00:00:00,9,1,20.96,6
129,2023-03-17 00:00:00,13,2,365,8
130,2023-01-09 00:00:00,31,4,371.55,6
131,2023-03-15 00:00:00,41,1,267.17,2
132,2023-09-10 00:00:00,11,4,97.45,1
133,2023-08-18 00:00:00,4,2,60.11,5
134,2023-01-07 00:00:00,34,4,29.18,9
135,2023-06-23 00:00:00,38,4,99.56,8
136,2023-05-21 00:00:00,46,4,447.61,4
137,2023-06-17 00:00:00,4,4,135.94,5
138,2023-06-19 00:00:00,38,2,190.05,5
139,2023-10-10 00:00:00,19,1,70.57,6
140,2023-05-02 00:00:00,6,3,126.73,3
141,2023-07-13 00:00:00,34,4,269.23,5
142,2023-01-05 00:00:00,18,1,311.72,2
143,2023-01-29 00:00:00,13,1,137.77,10
144,2023-06-14 00:00:00,41,2,47.71,1
145,2023-12-05 00:00:00,23,1,207.7,1
146,2023-05-16 00:00:00,19,2,132.42,10
147,2023-12-31 00:00:00,45,4,125.39,7
148,2023-11-17 00:00:00,11,4,480.73,2
149,2023-12-08 00:00:00,1,3,315.82,4
150,2023-05-25 00:00:00,24,3,287.3,5
151,2023-11-23 00:00:00,7,3,219.57,7
152,2023-08-05 00:00:00,25,1,225.89,2
153,2023-10-28 00:00:00,21,4,279.63,6
154,2023-05-12 00:00:00,15,2,354.29,1
155,2023-10-19 00:00:00,1,3,357.03,7
156,2023-03-11 00:00:00,12,2,102.41,9
157,2023-09-09 00:00:00,7,2,260.05,5
158,2023-10-02 00:00:00,15,3,217.74,5
159,2023-12-30 00:00:00,21,4,437.85,4
160,2023-07-01 00:00:00,19,3,323.08,3
161,2023-06-16 00:00:00,29,2,275.6,9
162,2023-04-01 00:00:00,25,3,75.39,5
163,2023-07-21 00:00:00,33,2,310.71,8
164,2023-12-12 00:00:00,49,2,76.26,9
165,2023-01-19 00:00:00,32,3,181.86,5
166,2023-02-08 00:00:00,49,1,88.56,10
167,2023-05-06 00:00:00,35,3,352.2,9
168,2023-06-22 00:00:00,44,1,119,2
169,2023-05-21 00:00:00,38,2,208.09,9
170,2023-08-30 00:00:00,26,2,449.92,4
171,2023-08-08 00:00:00,11,1,118.07,6
172,2023-05-06 00:00:00,35,2,263.75,6
173,2023-02-27 00:00:00,8,1,221.25,6
174,2023-05-28 00:00:00,46,1,28.7,2
175,2023-11-13 00:00:00,14,2,400.52,7
176,2023-12-27 00:00:00,10,4,53.14,6
177,2023-01-01 00:00:00,2,1,247.64,1
178,2023-12-14 00:00:00,46,3,289.13,2
179,2023-07-09 00:00:00,9,3,321.64,7
180,2023-07-10 00:00:00,3,2,350.54,1
181,2023-11-08 00:00:00,21,4,141.57,1
182,2023-04-27 00:00:00,26,2,24.79,1
183,2023-05-14 00:00:00,8,4,367.25,8
184,2023-02-27 00:00:00,48,1,277.12,4
185,2023-02-13 00:00:00,2,1,421.34,4
186,2023-06-22 00:00:00,6,1,414.27,2
187,2023-06-09 00:00:00,28,1,424.8,1
188,2023-06-22 00:00:00,29,3,252.85,10
189,2023-11-13 00:00:00,26,3,180.14,9
190,2023-10-30 00:00:00,25,2,399.95,7
191,2023-05-29 00:00:00,12,4,236.62,4
192,2023-03-21 00:00:00,5,1,108.05,6
193,2023-08-01 00:00:00,34,1,430.39,2
194,2023-07-22 00:00:00,48,4,443.63,7
195,2023-09-09 00:00:00,37,4,243.83,2
196,2023-08-17 00:00:00,15,2,56.34,10
197,2023-06-13 00:00:00,44,4,206.16,8
198,2023-08-15 00:00:00,36,1,405.7,8
199,2023-05-27 00:00:00,15,1,452.85,1
200,2023-01-20 00:00:00,43,1,117.67,8
201,2023-02-16 00:00:00,48,1,52.15,2
202,2023-08-21 00:00:00,23,1,441.13,6
203,2023-11-01 00:00:00,6,2,206.91,1
204,2023-01-14 00:00:00,46,1,280.05,5
205,2023-05-23 00:00:00,50,2,484.67,7
206,2023-01-01 00:00:00,44,1,51.95,10
207,2023-02-23 00:00:00,43,3,331.19,1
208,2023-09-16 00:00:00,45,3,55.57,2
209,2023-05-24 00:00:00,21,3,200.23,7
210,2023-01-12 00:00:00,23,3,405.83,6
211,2023-11-26 00:00:00,43,2,228.07,3
212,2023-08-12 00:00:00,16,2,498.65,10
213,2023-09-29 00:00:00,47,4,288.35,2
214,2023-12-24 00:00:00,15,1,174.16,10
215,2023-06-05 00:00:00,25,3,125.65,4
216,2023-01-08 00:00:00,36,2,188.25,3
217,2023-05-02 00:00:00,11,1,198.82,7
218,2023-12-14 00:00:00,15,1,52.98,8
219,2023-06-13 00:00:00,4,2,197.4,2
220,2023-03-31 00:00:00,21,3,242.83,10
221,2023-05-16 00:00:00,13,4,366.91,7
222,2023-07-05 00:00:00,22,1,335.23,8
223,2023-11-12 00:00:00,19,4,360.21,6
224,2023-06-27 00:00:00,34,3,24.01,6
225,2023-01-28 00:00:00,14,3,124.48,10
226,2023-08-08 00:00:00,4,4,337.61,1
227,2023-12-23 00:00:00,48,3,252.31,4
228,2023-02-10 00:00:00,46,1,22.55,1
229,2023-08-16 00:00:00,27,4,406.16,4
230,2023-07-11 00:00:00,29,3,390.95,2
231,2023-05-25 00:00:00,47,4,283.24,5
232,2023-07-20 00:00:00,28,1,51.9,10
233,2023-07-31 00:00:00,35,3,387.93,9
234,2023-08-08 00:00:00,8,1,300.18,10
235,2023-08-28 00:00:00,16,3,395.34,3
236,2023-02-15 00:00:00,42,2,380.84,8
237,2023-02-04 00:00:00,36,3,405.44,3
238,2023-09-10 00:00:00,30,4,268.64,6
239,2023-03-23 00:00:00,18,3,87.36,4
240,2023-09-13 00:00:00,2,1,342.16,8
241,2023-07-16 00:00:00,49,1,317.83,6
242,2023-10-30 00:00:00,13,3,376.28,8
243,2023-01-10 00:00:00,4,4,101.54,1
244,2023-11-08 00:00:00,26,2,113.59,6
245,2023-10-13 00:00:00,25,4,447.4,1
246,2023-08-30 00:00:00,30,2,379.99,1
247,2023-09-08 00:00:00,11,1,455.95,8
248,2023-12-31 00:00:00,7,4,384.18,7
249,2023-01-05 00:00:00,31,2,306.63,3
250,2023-04-29 00:00:00,44,3,333.98,6
251,2023-10-16 00:00:00,10,1,446.78,9
252,2023-03-06 00:00:00,39,3,297.83,7
253,2023-05-26 00:00:00,13,1,323.55,3
254,2023-08-12 00:00:00,31,4,95.11,6
255,2023-08-27 00:00:00,7,4,247.48,4
256,2023-06-26 00:00:00,49,1,363.87,3
257,2023-09-24 00:00:00,42,1,150.05,9
258,2023-12-07 00:00:00,42,1,117.08,10
259,2023-10-09 00:00:00,36,4,170.64,2
260,2023-03-04 00:00:00,20,2,135.92,1
261,2023-08-05 00:00:00,4,3,123.16,2
262,2023-12-08 00:00:00,7,3,223.93,7
263,2023-11-11 00:00:00,1,4,455.76,10
264,2023-10-10 00:00:00,44,3,263.39,1
265,2023-06-26 00:00:00,45,1,110.2,6
266,2023-04-08 00:00:00,42,2,56.95,7
267,2023-04-15 00:00:00,47,3,354.15,9
268,2023-04-09 00:00:00,13,2,203.74,8
269,2023-11-07 00:00:00,22,1,414.48,6
270,2023-01-06 00:00:00,21,3,336.57,3
271,2023-07-16 00:00:00,22,4,402.2,8
272,2023-12-17 00:00:00,28,2,150.53,7
273,2023-05-13 00:00:00,9,1,352.33,3
274,2023-12-24 00:00:00,26,2,146.75,9
275,2023-09-16 00:00:00,9,3,470.75,2
276,2023-01-23 00:00:00,15,3,325.46,3
277,2023-02-22 00:00:00,10,4,175.77,2
278,2023-06-14 00:00:00,24,1,149.37,1
279,2023-07-21 00:00:00,42,1,111.64,4
280,2023-03-24 00:00:00,8,4,353.43,5
281,2023-05-25 00:00:00,24,4,124.98,6
282,2023-03-26 00:00:00,16,1,305.75,5
283,2023-03-19 00:00:00,49,2,147.02,1
284,2023-01-01 00:00:00,26,2,337.75,3
285,2023-02-20 00:00:00,27,4,411.17,1
286,2023-06-22 00:00:00,37,2,393.45,5
287,2023-07-24 00:00:00,4,1,385.21,5
288,2023-09-17 00:00:00,50,3,110.11,6
289,2023-10-15 00:00:00,24,3,62.42,8
290,2023-02-03 00:00:00,19,2,355.5,10
291,2023-12-14 00:00:00,36,4,196.81,1
292,2023-04-05 00:00:00,39,4,227.53,4
293,2023-03-13 00:00:00,10,4,34.95,10
294,2023-02-08 00:00:00,25,4,144.6,1
295,2023-06-03 00:00:00,18,4,36.16,9
296,2023-09-07 00:00:00,19,2,442.01,7
297,2023-06-11 00:00:00,36,3,136.83,7
298,2023-04-28 00:00:00,10,3,287.52,5
299,2023-09-16 00:00:00,33,2,38.71,7
300,2023-11-02 00:00:00,50,4,340.09,2
301,2023-09-25 00:00:00,5,2,175.05,4
302,2023-02-23 00:00:00,47,3,451,7
303,2023-08-24 00:00:00,49,1,446.3,3
304,2023-08-10 00:00:00,35,2,176.14,2
305,2023-09-08 00:00:00,44,4,452.46,10
306,2023-11-09 00:00:00,34,3,498.16,2
307,2023-04-22 00:00:00,33,3,416.2,1
308,2023-09-12 00:00:00,21,3,425.54,5
309,2023-10-30 00:00:00,17,3,139.52,6
310,2023-07-26 00:00:00,22,4,296.82,6
311,2023-08-17 00:00:00,48,1,52.28,9
312,2023-12-07 00:00:00,37,3,65.56,4
313,2023-03-07 00:00:00,15,2,499.47,1
314,2023-03-16 00:00:00,35,1,176.79,6
315,2023-04-13 00:00:00,28,3,379.13,5
316,2023-07-11 00:00:00,7,1,407.2,10
317,2023-09-09 00:00:00,32,2,431.85,6
318,2023-08-14 00:00:00,11,3,498.86,3
319,2023-10-21 00:00:00,10,2,135.92,2
320,2023-11-02 00:00:00,9,4,39.37,6
321,2023-04-08 00:00:00,14,3,217.37,1
322,2023-12-04 00:00:00,13,3,82.44,7
323,2023-10-13 00:00:00,25,3,30.76,7
324,2023-12-01 00:00:00,2,3,193,10
325,2023-12-13 00:00:00,35,4,396.19,7
326,2023-11-04 00:00:00,7,3,291.77,10
327,2023-09-06 00:00:00,21,1,170.13,1
328,2023-06-15 00:00:00,18,3,334.08,4
329,2023-12-01 00:00:00,3,4,131.37,7
330,2023-01-30 00:00:00,42,3,26.9,9
331,2023-09-04 00:00:00,39,1,386.89,5
332,2023-04-16 00:00:00,41,4,319.4,2
333,2023-02-20 00:00:00,49,4,385.91,7
334,2023-03-22 00:00:00,11,1,38.69,10
335,2023-05-13 00:00:00,39,1,421.82,1
336,2023-10-12 00:00:00,24,1,317.37,7
337,2023-05-18 00:00:00,46,1,290.43,6
338,2023-07-03 00:00:00,19,1,319.81,7
339,2023-11-26 00:00:00,4,4,434.93,10
340,2023-09-30 00:00:00,26,4,301.73,3
341,2023-12-06 00:00:00,38,3,298.86,3
342,2023-03-10 00:00:00,42,3,495.53,7
343,2023-02-03 00:00:00,32,2,383.23,2
344,2023-09-19 00:00:00,39,3,232.3,1
345,2023-02-22 00:00:00,45,3,359.55,9
346,2023-07-24 00:00:00,46,1,206.83,9
347,2023-05-06 00:00:00,36,1,129.86,7
348,2023-08-23 00:00:00,40,3,306.49,7
349,2023-02-12 00:00:00,37,2,465.53,3
350,2023-08-28 00:00:00,33,1,465.99,10
351,2023-04-21 00:00:00,36,3,184.11,2
352,2023-09-06 00:00:00,3,3,273.29,7
353,2023-05-31 00:00:00,9,4,121.59,9
354,2023-07-02 00:00:00,8,2,497.9,1
355,2023-12-02 00:00:00,33,4,490.94,4
356,2023-04-05 00:00:00,6,2,331.76,6
357,2023-01-08 00:00:00,41,1,406.12,7
358,2023-12-26 00:00:00,39,2,363.25,10
359,2023-07-03 00:00:00,4,3,304.72,7
360,2023-10-08 00:00:00,13,3,45.61,10
361,2023-07-14 00:00:00,49,2,238.29,2
362,2023-12-18 00:00:00,2,2,343.9,4
363,2023-07-14 00:00:00,5,2,345.22,5
364,2023-06-04 00:00:00,44,4,199.1,1
365,2023-04-03 00:00:00,27,2,472.01,1
366,2023-06-09 00:00:00,32,1,100.33,10
367,2023-03-02 00:00:00,21,4,260.17,3
368,2023-05-02 00:00:00,8,4,351.62,10
369,2023-02-20 00:00:00,38,2,354.63,3
370,2023-10-04 00:00:00,8,1,331.35,8
371,2023-01-05 00:00:00,50,4,152.14,9
372,2023-04-02 00:00:00,3,3,94.98,1
373,2023-06-19 00:00:00,44,4,325.25,2
374,2023-11-13 00:00:00,3,2,307.67,10
375,2023-01-22 00:00:00,22,1,106.09,2
376,2023-11-22 00:00:00,6,2,358.47,4
377,2023-01-01 00:00:00,2,3,238.48,2
378,2023-05-13 00:00:00,23,3,340.53,7
379,2023-08-21 00:00:00,44,3,421.94,9
380,2023-01-12 00:00:00,2,2,101.47,7
381,2023-12-12 00:00:00,38,4,29.19,6
382,2023-02-15 00:00:00,17,2,393.97,10
383,2023-02-03 00:00:00,35,1,312.65,1
384,2023-03-19 00:00:00,34,4,355.83,10
385,2023-08-06 00:00:00,23,3,422.31,9
386,2023-10-28 00:00:00,30,2,405.35,5
387,2023-03-14 00:00:00,8,3,481.24,5
388,2023-10-09 00:00:00,22,3,277.25,6
389,2023-09-06 00:00:00,44,1,254.48,9
390,2023-02-16 00:00:00,36,4,212.91,8
391,2023-05-01 00:00:00,5,1,93.77,8
392,2023-08-02 00:00:00,13,1,294.85,8
393,2023-08-27 00:00:00,29,1,152.97,1
394,2023-02-25 00:00:00,31,3,462.23,1
395,2023-12-16 00:00:00,47,1,299.93,8
396,2023-04-17 00:00:00,16,1,304.56,5
397,2023-11-15 00:00:00,42,4,190.36,9
398,2023-02-17 00:00:00,30,4,44.95,2
399,2023-03-02 00:00:00,16,1,35.24,9
400,2023-12-03 00:00:00,12,4,223.2,8
401,2023-01-26 00:00:00,17,4,60.59,9
402,2023-10-19 00:00:00,16,1,311.29,4
403,2023-09-14 00:00:00,12,3,442.87,1
404,2023-01-08 00:00:00,8,1,443.8,1
405,2023-04-23 00:00:00,20,4,336.34,5
406,2023-12-21 00:00:00,3,3,121.39,2
407,2023-09-10 00:00:00,16,2,434.24,8
408,2023-06-29 00:00:00,30,3,445.32,10
409,2023-07-26 00:00:00,45,4,114.39,5
410,2023-10-30 00:00:00,23,3,373.96,5
411,2023-05-07 00:00:00,28,1,157.53,2
412,2023-02-25 00:00:00,40,2,405.27,7
413,2023-08-02 00:00:00,5,2,498.67,8
414,2023-01-14 00:00:00,20,2,34.41,10
415,2023-01-28 00:00:00,40,4,450.74,1
416,2023-03-19 00:00:00,44,4,318.86,2
417,2023-08-04 00:00:00,1,2,487.22,10
418,2023-12-31 00:00:00,30,3,243.2,4
419,2023-06-03 00:00:00,21,2,426.75,5
420,2023-01-14 00:00:00,20,3,49.95,2
421,2023-07-06 00:00:00,6,3,180.93,1
422,2023-11-08 00:00:00,22,4,52.17,9
423,2023-01-07 00:00:00,18,3,488.16,1
424,2023-01-03 00:00:00,8,2,412.15,4
425,2023-04-21 00:00:00,39,4,429.22,2
426,2023-08-26 00:00:00,32,1,470.22,4
427,2023-12-29 00:00:00,33,1,60.85,8
428,2023-08-27 00:00:00,16,4,205.09,8
429,2023-10-01 00:00:00,12,2,54.1,9
430,2023-10-21 00:00:00,38,1,121.18,5
431,2023-08-15 00:00:00,34,1,130.1,7
432,2023-01-15 00:00:00,14,3,245.17,3
433,2023-07-11 00:00:00,36,3,148.91,10
434,2023-04-29 00:00:00,33,2,68.47,4
435,2023-01-28 00:00:00,23,4,100.4,10
436,2023-07-21 00:00:00,50,2,90.69,9
437,2023-02-08 00:00:00,45,4,487.08,10
438,2023-09-30 00:00:00,2,1,384.46,10
439,2023-08-19 00:00:00,41,3,484.53,1
440,2023-03-27 00:00:00,21,2,231.08,2
441,2023-05-06 00:00:00,2,2,153.62,5
442,2023-10-27 00:00:00,27,4,403.18,3
443,2023-01-25 00:00:00,9,4,176.6,2
444,2023-05-25 00:00:00,1,2,163.7,1
445,2023-01-13 00:00:00,11,4,131.6,10
446,2023-07-31 00:00:00,3,2,82.25,3
447,2023-01-25 00:00:00,23,2,143.1,1
448,2023-03-09 00:00:00,26,2,190.55,1
449,2023-03-08 00:00:00,4,1,343.52,1
450,2023-08-21 00:00:00,18,4,50.03,8
451,2023-04-19 00:00:00,6,3,121.04,3
452,2023-05-26 00:00:00,35,3,408.33,1
453,2023-04-21 00:00:00,22,4,90.52,7
454,2023-08-16 00:00:00,43,2,184.47,10
455,2023-04-21 00:00:00,15,3,435.04,3
456,2023-02-03 00:00:00,22,3,94.36,8
457,2023-04-21 00:00:00,37,4,59.71,4
458,2023-09-21 00:00:00,42,3,252.58,4
459,2023-08-24 00:00:00,12,2,165.16,5
460,2023-03-24 00:00:00,47,4,290.44,6
461,2023-02-11 00:00:00,49,2,405.83,7
462,2023-04-11 00:00:00,42,3,85.83,4
463,2023-01-06 00:00:00,38,3,298.74,8
464,2023-06-29 00:00:00,18,2,262.64,6
465,2023-10-09 00:00:00,45,1,89.16,1
466,2023-11-16 00:00:00,35,3,319.52,1
467,2023-08-14 00:00:00,30,1,151.35,9
468,2023-11-11 00:00:00,24,3,254.16,10
469,2023-12-31 00:00:00,42,1,59.49,6
470,2023-08-17 00:00:00,30,1,240.6,10
471,2023-10-16 00:00:00,14,1,167.1,8
472,2023-05-30 00:00:00,6,2,414.74,7
473,2023-10-04 00:00:00,3,1,47.35,6
474,2023-07-17 00:00:00,16,1,220.93,4
475,2023-03-11 00:00:00,7,1,240.05,7
476,2023-04-22 00:00:00,14,3,368,9
477,2023-01-04 00:00:00,9,1,295.66,10
478,2023-12-16 00:00:00,15,3,340.26,10
479,2023-11-27 00:00:00,21,1,392.98,7
480,2023-11-14 00:00:00,35,1,433.86,1
481,2023-12-16 00:00:00,2,2,170.66,10
482,2023-04-05 00:00:00,27,3,278.25,9
483,2023-06-01 00:00:00,2,1,423.25,4
484,2023-11-07 00:00:00,35,3,494.94,3
485,2023-05-17 00:00:00,18,3,446.97,4
486,2023-09-04 00:00:00,14,4,198.3,4
487,2023-08-31 00:00:00,20,2,113.68,10
488,2023-01-31 00:00:00,18,2,254.91,2
489,2023-02-09 00:00:00,10,2,375.99,1
490,2023-08-17 00:00:00,25,4,256.43,10
491,2023-02-05 00:00:00,2,4,251.93,1
492,2023-08-11 00:00:00,25,2,422.35,8
493,2023-01-06 00:00:00,33,4,193.47,2
494,2023-11-18 00:00:00,36,4,432.7,10
495,2023-08-08 00:00:00,31,4,215.27,5
496,2023-03-16 00:00:00,14,2,177.55,4
497,2023-01-04 00:00:00,1,2,237.92,8
498,2023-12-01 00:00:00,46,2,385.97,2
499,2023-05-14 00:00:00,16,4,80.48,10
500,2023-04-28 00:00:00,46,2,114.28,9
501,2023-04-04 00:00:00,3,4,476.69,7
502,2023-03-03 00:00:00,35,1,104.24,7
503,2023-07-13 00:00:00,41,4,292.51,1
504,2023-12-01 00:00:00,6,3,298.07,2
505,2023-07-22 00:00:00,25,2,255.02,4
506,2023-01-26 00:00:00,13,2,329.48,4
507,2023-06-22 00:00:00,34,3,130.32,3
508,2023-10-27 00:00:00,8,4,285.28,7
509,2023-05-13 00:00:00,21,1,198.64,8
510,2023-11-22 00:00:00,34,3,337.6,2
511,2023-04-28 00:00:00,4,3,87.79,4
512,2023-11-20 00:00:00,25,4,294.02,3
513,2023-10-02 00:00:00,15,2,108.93,2
514,2023-07-31 00:00:00,4,4,153.75,6
515,2023-08-13 00:00:00,45,3,124.98,4
516,2023-01-20 00:00:00,12,3,107.76,6
517,2023-04-23 00:00:00,32,2,416.34,2
518,2023-05-20 00:00:00,32,2,157.14,4
519,2023-02-16 00:00:00,28,2,465.02,6
520,2023-01-01 00:00:00,13,4,485.56,5
521,2023-03-31 00:00:00,31,2,294.21,3
522,2023-05-22 00:00:00,14,3,88.64,8
523,2023-11-16 00:00:00,20,3,199.78,7
524,2023-02-07 00:00:00,18,1,402.91,3
525,2023-10-20 00:00:00,29,4,196.35,6
526,2023-05-19 00:00:00,6,1,61.77,4
527,2023-12-22 00:00:00,32,3,287.26,5
528,2023-11-29 00:00:00,29,1,425.66,5
529,2023-09-16 00:00:00,43,3,402.04,7
530,2023-06-10 00:00:00,2,1,104.06,5
531,2023-06-27 00:00:00,23,2,342.93,3
532,2023-01-10 00:00:00,19,1,125.84,10
533,2023-09-18 00:00:00,31,2,124.74,5
534,2023-05-18 00:00:00,5,2,439.55,7
535,2023-06-21 00:00:00,19,4,139.84,5
536,2023-01-13 00:00:00,34,2,146.36,5
537,2023-06-17 00:00:00,10,2,20.31,9
538,2023-05-10 00:00:00,25,1,437.92,3
539,2023-03-25 00:00:00,2,3,400.45,6
540,2023-11-17 00:00:00,11,4,321.12,1
541,2023-11-15 00:00:00,50,2,380.13,10
542,2023-04-11 00:00:00,31,4,92.98,5
543,2023-11-25 00:00:00,15,1,240,8
544,2023-09-30 00:00:00,9,2,188.59,5
545,2023-09-22 00:00:00,23,1,65.01,9
546,2023-02-07 00:00:00,19,4,253.34,6
547,2023-04-04 00:00:00,9,1,461.96,8
548,2023-04-05 00:00:00,35,4,39.23,10
549,2023-11-01 00:00:00,21,1,159.9,8
550,2023-03-10 00:00:00,9,4,119.62,3
551,2023-11-14 00:00:00,28,3,134.31,7
552,2023-08-24 00:00:00,46,1,456.05,7
553,2023-11-30 00:00:00,7,1,244.67,10
554,2023-05-17 00:00:00,16,3,243.82,6
555,2023-03-17 00:00:00,16,3,385.08,7
556,2023-02-04 00:00:00,33,1,94.16,2
557,2023-01-01 00:00:00,4,3,253.89,9
558,2023-10-23 00:00:00,4,2,226.39,10
559,2023-11-16 00:00:00,39,4,306.52,10
560,2023-03-01 00:00:00,40,4,499.79,1
561,2023-11-16 00:00:00,17,4,389.34,1
562,2023-12-15 00:00:00,37,2,210.98,3
563,2023-11-24 00:00:00,39,3,417.23,3
564,2023-09-24 00:00:00,29,3,101.94,1
565,2023-12-27 00:00:00,36,1,34.62,7
566,2023-08-17 00:00:00,38,3,118.14,4
567,2023-09-27 00:00:00,39,1,183.4,10
568,2023-11-12 00:00:00,50,2,265.08,2
569,2023-10-13 00:00:00,37,4,315.26,10
570,2023-10-18 00:00:00,35,4,457.09,5
571,2023-08-01 00:00:00,7,4,264.73,6
572,2023-06-14 00:00:00,27,3,260.61,9
573,2023-01-05 00:00:00,28,1,44.12,4
574,2023-12-05 00:00:00,22,1,36.76,2
575,2023-03-19 00:00:00,14,2,284.56,5
576,2023-03-03 00:00:00,7,3,230.33,3
577,2023-05-12 00:00:00,37,2,422.81,2
578,2023-03-30 00:00:00,22,1,97.13,1
579,2023-08-25 00:00:00,5,1,31.99,10
580,2023-02-11 00:00:00,2,4,235.54,2
581,2023-03-30 00:00:00,27,3,133.99,6
582,2023-10-23 00:00:00,21,1,43.81,8
583,2023-11-24 00:00:00,38,4,367.81,3
584,2023-10-22 00:00:00,15,3,73.56,9
585,2023-04-14 00:00:00,21,2,311.99,9
586,2023-01-14 00:00:00,10,3,154.9,2
587,2023-10-15 00:00:00,23,3,103.28,8
588,2023-06-28 00:00:00,39,1,202.28,10
589,2023-05-05 00:00:00,5,1,404.69,5
590,2023-12-19 00:00:00,1,3,208.2,4
591,2023-01-23 00:00:00,13,1,380.37,10
592,2023-03-04 00:00:00,21,1,80.23,5
593,2023-05-23 00:00:00,26,1,390.93,4
594,2023-06-02 00:00:00,50,4,133.73,8
595,2023-05-25 00:00:00,45,4,345.15,4
596,2023-08-13 00:00:00,21,3,291.58,10
597,2023-11-05 00:00:00,18,1,465.99,6
598,2023-04-14 00:00:00,37,4,205.91,2
599,2023-04-14 00:00:00,45,3,51.76,5
600,2023-02-08 00:00:00,32,1,29.19,6
601,2023-07-17 00:00:00,36,2,416.89,5
602,2023-05-14 00:00:00,17,1,271.87,2
603,2023-03-08 00:00:00,35,1,392.12,7
604,2023-06-28 00:00:00,49,4,132.52,4
605,2023-02-11 00:00:00,11,3,185.64,8
606,2023-01-15 00:00:00,21,3,34.45,7
607,2023-04-21 00:00:00,26,4,481.52,7
608,2023-06-06 00:00:00,4,1,340.58,9
609,2023-10-16 00:00:00,34,2,467.94,1
610,2023-08-19 00:00:00,48,1,147.44,10
611,2023-06-06 00:00:00,18,1,313.5,6
612,2023-02-07 00:00:00,40,2,345.68,6
613,2023-04-07 00:00:00,35,4,172.42,6
614,2023-10-16 00:00:00,41,3,427.09,6
615,2023-09-11 00:00:00,29,4,474.64,10
616,2023-07-15 00:00:00,29,4,444.73,7
617,2023-03-27 00:00:00,38,1,374.75,10
618,2023-11-18 00:00:00,42,3,153.18,6
619,2023-01-10 00:00:00,21,3,155.18,1
620,2023-01-05 00:00:00,42,4,482.41,3
621,2023-05-03 00:00:00,13,2,24.94,2
622,2023-11-26 00:00:00,49,4,363.7,6
623,2023-12-19 00:00:00,41,2,359,8
624,2023-04-28 00:00:00,17,3,318.89,3
625,2023-10-21 00:00:00,9,4,495.25,10
626,2023-06-08 00:00:00,41,1,169.7,8
627,2023-10-30 00:00:00,1,4,183.19,8
628,2023-08-16 00:00:00,2,3,57.89,5
629,2023-12-31 00:00:00,48,1,232.54,8
630,2023-08-04 00:00:00,29,1,145.3,6
631,2023-07-03 00:00:00,33,2,184.83,5
632,2023-01-15 00:00:00,10,1,420.59,9
633,2023-06-06 00:00:00,50,1,469.03,7
634,2023-05-16 00:00:00,40,4,109.15,8
635,2023-09-18 00:00:00,21,3,198.8,1
636,2023-06-06 00:00:00,28,2,465.74,2
637,2023-02-16 00:00:00,11,4,49.67,8
638,2023-11-20 00:00:00,34,1,64.33,9
639,2023-11-28 00:00:00,8,1,98.14,4
640,2023-06-22 00:00:00,22,2,305.7,10
641,2023-05-10 00:00:00,8,3,92.23,10
642,2023-04-05 00:00:00,49,2,484.68,9
643,2023-04-25 00:00:00,15,4,234.42,4
644,2023-08-31 00:00:00,17,2,260.73,10
645,2023-10-19 00:00:00,23,1,138.4,10
646,2023-10-09 00:00:00,24,4,246.06,10
647,2023-10-26 00:00:00,45,1,337.72,9
648,2023-10-10 00:00:00,19,3,380.57,7
649,2023-03-10 00:00:00,5,1,381.86,2
650,2023-05-28 00:00:00,32,1,297.39,9
651,2023-01-11 00:00:00,44,2,454.09,4
652,2023-09-11 00:00:00,1,1,412.36,8
653,2023-11-26 00:00:00,23,4,383.38,7
654,2023-12-26 00:00:00,37,4,46.69,7
655,2023-02-07 00:00:00,8,3,23.3,8
656,2023-05-14 00:00:00,13,4,121.97,1
657,2023-07-19 00:00:00,8,2,338.49,5
658,2023-01-23 00:00:00,23,3,217.37,2
659,2023-10-30 00:00:00,43,4,213.16,2
660,2023-12-12 00:00:00,1,2,444.6,1
661,2023-10-29 00:00:00,45,4,449.87,5
662,2023-12-29 00:00:00,24,4,456.4,2
663,2023-08-06 00:00:00,35,1,170.66,4
664,2023-05-21 00:00:00,24,4,351.71,3
665,2023-04-14 00:00:00,17,4,150.38,3
666,2023-07-29 00:00:00,5,2,111.49,2
667,2023-04-21 00:00:00,20,2,108.62,6
668,2023-04-14 00:00:00,21,1,184.21,2
669,2023-11-12 00:00:00,40,4,226.38,8
670,2023-06-20 00:00:00,31,1,418.86,8
671,2023-12-22 00:00:00,46,4,77.55,5
672,2023-11-20 00:00:00,36,3,372.76,10
673,2023-05-13 00:00:00,11,3,275.1,7
674,2023-10-20 00:00:00,15,1,158.21,4
675,2023-11-24 00:00:00,19,1,256.55,1
676,2023-05-07 00:00:00,7,1,163.97,2
677,2023-04-16 00:00:00,28,2,306.12,10
678,2023-04-02 00:00:00,43,2,228.25,10
679,2023-10-14 00:00:00,5,2,98.91,4
680,2023-02-20 00:00:00,5,1,75.96,1
681,2023-01-29 00:00:00,30,4,282.41,8
682,2023-10-23 00:00:00,32,3,453.16,9
683,2023-10-24 00:00:00,8,1,185.1,4
684,2023-08-02 00:00:00,10,2,371.84,10
685,2023-09-24 00:00:00,38,2,336.16,3
686,2023-09-14 00:00:00,47,1,467.15,2
687,2023-10-29 00:00:00,32,1,414.07,5
688,2023-04-11 00:00:00,48,2,291.97,3
689,2023-12-12 00:00:00,28,4,335.37,10
690,2023-04-20 00:00:00,17,2,451.23,7
691,2023-07-01 00:00:00,31,2,211.77,6
692,2023-11-09 00:00:00,8,1,176.86,1
693,2023-01-01 00:00:00,40,4,25.19,8
694,2023-11-15 00:00:00,25,2,416.74,2
695,2023-02-24 00:00:00,9,2,404.47,5
696,2023-05-29 00:00:00,2,3,70.14,9
697,2023-11-05 00:00:00,15,1,296.89,8
698,2023-05-17 00:00:00,50,3,242.71,2
699,2023-07-21 00:00:00,3,3,76.98,9
700,2023-11-09 00:00:00,49,2,490.67,5
701,2023-04-27 00:00:00,36,1,123.05,10
702,2023-06-03 00:00:00,4,4,52.27,6
703,2023-10-18 00:00:00,14,2,305.53,3
704,2023-03-04 00:00:00,41,4,374.66,3
705,2023-09-01 00:00:00,41,4,35.57,10
706,2023-01-25 00:00:00,25,1,336.18,8
707,2023-03-31 00:00:00,50,3,275.5,10
708,2023-03-16 00:00:00,10,1,69.57,10
709,2023-10-21 00:00:00,21,4,102.81,2
710,2023-07-29 00:00:00,36,2,292.63,2
711,2023-12-13 00:00:00,12,4,162.25,5
712,2023-01-17 00:00:00,27,2,470.39,6
713,2023-05-08 00:00:00,40,2,413,2
714,2023-12-30 00:00:00,2,1,492.11,5
715,2023-09-08 00:00:00,13,4,144.64,7
716,2023-06-28 00:00:00,32,3,485.47,10
717,2023-07-01 00:00:00,31,4,226.99,10
718,2023-06-01 00:00:00,16,4,186.81,8
719,2023-01-25 00:00:00,32,3,44.17,7
720,2023-06-29 00:00:00,32,1,45.33,8
721,2023-07-17 00:00:00,34,4,352.17,9
722,2023-12-10 00:00:00,11,4,239.81,5
723,2023-06-10 00:00:00,10,2,128.73,5
724,2023-06-26 00:00:00,15,4,314.71,10
725,2023-10-12 00:00:00,17,3,141.37,4
726,2023-03-04 00:00:00,40,2,297.26,9
727,2023-05-30 00:00:00,18,1,192.42,5
728,2023-06-03 00:00:00,9,2,415.31,2
729,2023-06-05 00:00:00,25,3,413.93,10
730,2023-02-18 00:00:00,40,3,249.13,8
731,2023-12-03 00:00:00,14,2,188.39,7
732,2023-03-25 00:00:00,25,1,194.03,8
733,2023-12-27 00:00:00,50,2,406.74,3
734,2023-06-26 00:00:00,22,1,177.53,4
735,2023-05-28 00:00:00,30,2,120.35,5
736,2023-04-28 00:00:00,20,3,60.65,6
737,2023-12-08 00:00:00,21,4,244.01,1
738,2023-03-04 00:00:00,44,4,251.42,4
739,2023-07-08 00:00:00,32,1,423.64,10
740,2023-12-26 00:00:00,46,1,126.19,5
741,2023-02-18 00:00:00,49,1,202.88,7
742,2023-11-23 00:00:00,21,3,408.03,5
743,2023-09-14 00:00:00,35,2,415.34,1
744,2023-08-12 00:00:00,32,3,204.61,7
745,2023-05-21 00:00:00,30,4,240.38,8
746,2023-08-03 00:00:00,39,1,165.58,7
747,2023-07-30 00:00:00,49,2,467.63,4
748,2023-11-14 00:00:00,12,4,76.95,8
749,2023-02-01 00:00:00,41,4,468.2,5
750,2023-06-07 00:00:00,47,4,348.26,10
751,2023-10-12 00:00:00,18,3,275.15,9
752,2023-11-01 00:00:00,21,1,35.68,10
753,2023-10-13 00:00:00,13,4,248.29,5
754,2023-05-24 00:00:00,21,1,215.72,1
755,2023-01-19 00:00:00,8,3,97.39,9
756,2023-01-18 00:00:00,46,4,335.08,5
757,2023-09-14 00:00:00,40,3,486.15,6
758,2023-03-19 00:00:00,46,3,289.85,4
759,2023-06-24 00:00:00,7,1,363.08,6
760,2023-07-13 00:00:00,23,4,52.86,8
761,2023-04-23 00:00:00,44,3,220.48,3
762,2023-04-24 00:00:00,32,4,75.85,5
763,2023-08-10 00:00:00,11,1,314.14,2
764,2023-06-15 00:00:00,22,3,470.47,2
765,2023-11-15 00:00:00,22,1,337.65,7
766,2023-05-12 00:00:00,43,4,56.87,10
767,2023-09-21 00:00:00,25,4,190.24,10
768,2023-02-24 00:00:00,22,1,284.32,10
769,2023-12-25 00:00:00,28,2,213.54,6
770,2023-05-11 00:00:00,29,3,420.15,4
771,2023-10-15 00:00:00,13,4,411.04,5
772,2023-09-23 00:00:00,18,4,313.68,1
773,2023-06-11 00:00:00,2,3,199.26,7
774,2023-03-28 00:00:00,29,1,142.56,8
775,2023-02-24 00:00:00,21,1,70.82,9
776,2023-10-15 00:00:00,15,1,190.35,8
777,2023-06-27 00:00:00,27,2,218.32,5
778,2023-12-15 00:00:00,50,2,344.4,3
779,2023-01-08 00:00:00,31,4,335.92,10
780,2023-11-17 00:00:00,15,1,53.65,9
781,2023-11-09 00:00:00,23,3,209.72,6
782,2023-09-04 00:00:00,24,4,107.25,5
783,2023-11-19 00:00:00,44,3,95.27,3
784,2023-09-12 00:00:00,13,4,417.11,6
785,2023-11-24 00:00:00,22,2,40.12,3
786,2023-02-23 00:00:00,43,4,221.21,10
787,2023-09-06 00:00:00,37,2,100.74,6
788,2023-08-27 00:00:00,33,4,442.08,4
789,2023-08-17 00:00:00,3,1,287.38,2
790,2023-03-08 00:00:00,19,3,131.06,8
791,2023-02-20 00:00:00,23,1,261.17,4
792,2023-04-07 00:00:00,29,4,371.11,9
793,2023-04-02 00:00:00,30,4,479.9,7
794,2023-09-21 00:00:00,39,4,125.81,2
795,2023-10-18 00:00:00,44,2,445.37,4
796,2023-04-06 00:00:00,47,3,468.47,5
797,2023-03-29 00:00:00,25,3,459.88,3
798,2023-03-19 00:00:00,37,4,325,9
799,2023-10-15 00:00:00,47,4,322.31,5
800,2023-04-30 00:00:00,8,2,213.54,2
801,2023-10-29 00:00:00,42,1,381.15,3
802,2023-06-14 00:00:00,16,1,275.02,9
803,2023-07-01 00:00:00,8,3,345.17,7
804,2023-08-11 00:00:00,1,2,225.66,2
805,2023-11-07 00:00:00,44,4,371.12,9
806,2023-01-07 00:00:00,5,3,415.75,4
807,2023-11-26 00:00:00,3,2,90.29,9
808,2023-09-20 00:00:00,1,1,419.81,2
809,2023-06-10 00:00:00,4,2,279.34,10
810,2023-05-31 00:00:00,40,1,425.44,4
811,2023-03-26 00:00:00,35,2,227.02,5
812,2023-05-27 00:00:00,32,3,201.94,2
813,2023-04-22 00:00:00,42,1,459.23,10
814,2023-02-05 00:00:00,34,3,140.56,1
815,2023-10-12 00:00:00,43,3,425.22,7
816,2023-07-07 00:00:00,25,1,252.33,10
817,2023-03-23 00:00:00,10,1,266.77,1
818,2023-01-02 00:00:00,21,4,168.06,8
819,2023-10-30 00:00:00,46,4,295.06,3
820,2023-07-16 00:00:00,39,4,176.1,10
821,2023-01-11 00:00:00,27,3,38.85,6
822,2023-08-22 00:00:00,27,3,150.56,7
823,2023-07-14 00:00:00,2,4,23.06,10
824,2023-04-29 00:00:00,41,3,489.61,1
825,2023-01-20 00:00:00,48,3,483.56,6
826,2023-09-18 00:00:00,13,1,209.67,7
827,2023-10-20 00:00:00,9,1,369.62,6
828,2023-09-13 00:00:00,36,3,185.99,4
829,2023-08-10 00:00:00,22,4,342.12,1
830,2023-08-14 00:00:00,42,2,406.61,9
831,2023-02-22 00:00:00,26,4,474.44,4
832,2023-12-21 00:00:00,12,2,212.1,7
833,2023-12-08 00:00:00,17,4,395.98,7
834,2023-12-30 00:00:00,14,1,147.65,2
835,2023-10-07 00:00:00,14,3,495.36,1
836,2023-03-22 00:00:00,34,3,32.37,8
837,2023-07-21 00:00:00,20,1,309.69,8
838,2023-06-07 00:00:00,11,2,336.56,7
839,2023-04-30 00:00:00,16,2,350.26,8
840,2023-02-28 00:00:00,31,2,77.79,3
841,2023-08-03 00:00:00,6,1,470.49,2
842,2023-05-08 00:00:00,19,2,106.97,7
843,2023-08-12 00:00:00,37,1,318.92,8
844,2023-07-28 00:00:00,4,4,126.88,1
845,2023-04-25 00:00:00,47,4,167.46,10
846,2023-07-28 00:00:00,4,1,282.3,9
847,2023-01-14 00:00:00,20,3,220.25,4
848,2023-01-09 00:00:00,10,4,96.91,4
849,2023-02-09 00:00:00,24,2,102.05,3
850,2023-08-25 00:00:00,35,1,220.71,6
851,2023-10-08 00:00:00,26,2,383.5,1
852,2023-12-25 00:00:00,37,2,451.02,6
853,2023-07-20 00:00:00,38,3,60.38,2
854,2023-09-03 00:00:00,21,2,208.69,9
855,2023-10-05 00:00:00,40,3,68.12,2
856,2023-08-23 00:00:00,39,4,27.96,7
857,2023-01-04 00:00:00,21,1,337.62,1
858,2023-06-03 00:00:00,10,2,309.18,7
859,2023-01-29 00:00:00,38,1,98.25,5
860,2023-04-19 00:00:00,46,2,132.23,8
861,2023-04-08 00:00:00,4,1,31.38,4
862,2023-08-03 00:00:00,45,2,420.77,10
863,2023-10-20 00:00:00,20,2,487.85,7
864,2023-03-16 00:00:00,17,2,85.02,6
865,2023-11-22 00:00:00,7,2,131.11,5
866,2023-05-26 00:00:00,4,2,436.84,4
867,2023-05-08 00:00:00,29,2,464.7,7
868,2023-12-07 00:00:00,14,2,221.42,5
869,2023-02-11 00:00:00,3,2,44.3,5
870,2023-12-22 00:00:00,24,2,38.91,1
871,2023-02-10 00:00:00,37,1,295.5,2
872,2023-02-03 00:00:00,16,3,208.59,5
873,2023-01-17 00:00:00,4,2,33.75,3
874,2023-06-14 00:00:00,24,3,299.96,2
875,2023-06-02 00:00:00,34,2,25.43,4
876,2023-03-17 00:00:00,30,2,397.94,4
877,2023-03-28 00:00:00,18,1,167.09,4
878,2023-04-27 00:00:00,19,4,39.32,4
879,2023-12-28 00:00:00,31,4,302.41,3
880,2023-12-08 00:00:00,19,1,210.89,7
881,2023-01-27 00:00:00,49,3,487.42,9
882,2023-11-09 00:00:00,46,4,281.22,5
883,2023-10-14 00:00:00,19,1,152.11,4
884,2023-05-14 00:00:00,22,1,360.53,2
885,2023-08-07 00:00:00,24,4,150.32,2
886,2023-06-17 00:00:00,45,3,454.04,5
887,2023-04-08 00:00:00,12,1,199.87,7
888,2023-09-25 00:00:00,30,2,283.94,10
889,2023-08-25 00:00:00,38,3,44.28,10
890,2023-11-05 00:00:00,31,3,224.54,9
891,2023-06-22 00:00:00,36,4,419.53,7
892,2023-07-09 00:00:00,19,4,406.71,5
893,2023-05-02 00:00:00,48,2,127.67,10
894,2023-02-15 00:00:00,45,1,128.52,10
895,2023-03-05 00:00:00,36,4,412.31,10
896,2023-05-10 00:00:00,30,4,466.59,6
897,2023-11-06 00:00:00,49,3,65.77,3
898,2023-12-29 00:00:00,33,4,236.03,5
899,2023-07-12 00:00:00,18,4,181.98,8
900,2023-11-03 00:00:00,49,4,437.93,1
901,2023-06-30 00:00:00,28,4,60.09,1
902,2023-10-19 00:00:00,47,3,121.34,7
903,2023-10-09 00:00:00,11,2,381.18,5
904,2023-01-29 00:00:00,45,2,44.62,5
905,2023-05-29 00:00:00,33,1,256.42,1
906,2023-09-24 00:00:00,17,4,232.21,9
907,2023-10-23 00:00:00,6,3,180.51,1
908,2023-01-11 00:00:00,4,1,209.39,5
909,2023-06-13 00:00:00,20,1,274.37,10
910,2023-04-23 00:00:00,48,2,97.46,9
911,2023-07-06 00:00:00,47,3,294.56,4
912,2023-10-22 00:00:00,27,3,406.61,8
913,2023-08-20 00:00:00,15,3,384.88,6
914,2023-08-15 00:00:00,6,2,93.87,3
915,2023-11-06 00:00:00,47,2,91.64,4
916,2023-04-08 00:00:00,14,2,148.72,2
917,2023-02-24 00:00:00,11,2,193.32,1
918,2023-04-21 00:00:00,39,2,216.06,8
919,2023-06-01 00:00:00,9,4,346.25,1
920,2023-09-03 00:00:00,26,4,47.21,1
921,2023-03-10 00:00:00,16,3,36.64,4
922,2023-11-08 00:00:00,5,1,208.12,10
923,2023-10-16 00:00:00,10,3,354.64,10
924,2023-09-07 00:00:00,50,1,112.85,6
925,2023-02-05 00:00:00,3,2,327.92,9
926,2023-08-27 00:00:00,13,1,144.72,1
927,2023-05-28 00:00:00,43,3,445.32,7
928,2023-08-15 00:00:00,49,3,449.93,10
929,2023-09-01 00:00:00,30,1,162.7,5
930,2023-12-03 00:00:00,45,4,130.4,8
931,2023-12-31 00:00:00,6,2,217.43,7
932,2023-07-20 00:00:00,17,2,135.46,4
933,2023-06-03 00:00:00,45,3,342.74,4
934,2023-03-14 00:00:00,19,4,416.51,6
935,2023-07-20 00:00:00,42,1,343.08,6
936,2023-10-23 00:00:00,35,2,415.69,9
937,2023-01-17 00:00:00,46,4,210.56,5
938,2023-05-09 00:00:00,26,2,95.03,8
939,2023-08-05 00:00:00,5,4,374.22,5
940,2023-03-02 00:00:00,29,4,193.03,2
941,2023-04-14 00:00:00,37,3,342.21,6
942,2023-02-11 00:00:00,20,2,149.91,9
943,2023-01-25 00:00:00,49,1,58.99,3
944,2023-02-08 00:00:00,21,3,496.44,1
945,2023-10-18 00:00:00,10,3,94.98,1
946,2023-05-11 00:00:00,5,1,494.44,3
947,2023-08-17 00:00:00,36,3,489.09,10
948,2023-04-18 00:00:00,6,4,401.03,5
949,2023-06-21 00:00:00,26,4,336.52,3
950,2023-04-12 00:00:00,4,2,297.35,9
951,2023-12-20 00:00:00,39,2,435.73,8
952,2023-01-12 00:00:00,39,1,158.93,3
953,2023-10-02 00:00:00,50,2,244.49,9
954,2023-04-11 00:00:00,35,4,317.31,6
955,2023-02-13 00:00:00,1,1,217.37,7
956,2023-11-01 00:00:00,24,1,225.19,4
957,2023-01-17 00:00:00,36,2,178.54,4
958,2023-11-26 00:00:00,6,4,290.83,2
959,2023-02-26 00:00:00,41,1,428.28,5
960,2023-11-07 00:00:00,46,4,116.73,8
961,2023-10-30 00:00:00,44,4,468.53,7
962,2023-01-12 00:00:00,31,4,350.76,7
963,2023-11-14 00:00:00,20,2,415.17,6
964,2023-03-21 00:00:00,24,3,286.97,3
965,2023-08-04 00:00:00,25,3,394.17,5
966,2023-12-05 00:00:00,36,1,27.78,1
967,2023-09-21 00:00:00,21,4,412.82,7
968,2023-05-29 00:00:00,30,2,39.27,9
969,2023-03-22 00:00:00,24,4,447.16,1
970,2023-08-03 00:00:00,44,4,496.14,2
971,2023-07-17 00:00:00,42,2,161.15,3
972,2023-07-19 00:00:00,30,3,120.95,3
973,2023-01-25 00:00:00,22,4,387.37,8
974,2023-03-30 00:00:00,28,4,141.45,7
975,2023-09-25 00:00:00,7,3,435.47,6
976,2023-05-23 00:00:00,35,2,69.36,10
977,2023-02-28 00:00:00,28,1,80.46,10
978,2023-12-31 00:00:00,14,3,489.99,4
979,2023-01-26 00:00:00,10,1,343.44,9
980,2023-02-16 00:00:00,16,1,426.51,1
981,2023-10-15 00:00:00,16,3,175.68,2
982,2023-09-23 00:00:00,31,4,344.71,4
983,2023-01-16 00:00:00,42,1,305.24,3
984,2023-07-18 00:00:00,25,1,309.51,1
985,2023-10-09 00:00:00,13,2,347.62,5
986,2023-03-27 00:00:00,6,4,296.17,7
987,2023-09-07 00:00:00,44,1,225.95,2
988,2023-09-27 00:00:00,9,2,152.44,5
989,2023-12-01 00:00:00,45,4,388.92,6
990,2023-04-27 00:00:00,36,3,128.61,7
991,2023-01-07 00:00:00,43,3,352.33,1
992,2023-05-17 00:00:00,20,2,132,7
993,2023-06-25 00:00:00,18,3,320.16,4
994,2023-11-24 00:00:00,43,1,378.6,8
995,2023-11-11 00:00:00,21,4,124.98,4
996,2023-08-03 00:00:00,4,1,48.77,6
997,2023-03-23 00:00:00,50,1,82.87,9
998,2023-08-11 00:00:00,33,3,310.88,5
999,2023-04-13 00:00:00,27,1,427.73,4
1000,2023-09-30 00:00:00,7,3,41.6,8
1001,2023-01-14 00:00:00,6,4,372.39,9
1002,2023-06-08 00:00:00,15,4,183.83,4
1003,2023-06-01 00:00:00,18,1,249.69,3
1004,2023-04-18 00:00:00,32,2,465.85,8
1005,2023-07-07 00:00:00,11,3,179.35,5
1006,2023-10-28 00:00:00,20,3,243.36,2
1007,2023-04-08 00:00:00,24,1,26.57,10
1008,2023-05-11 00:00:00,15,3,59.17,9
1009,2023-10-20 00:00:00,48,3,144.12,3
1010,2023-06-20 00:00:00,7,2,33.37,2
1011,2023-07-02 00:00:00,21,2,323.06,1
1012,2023-12-30 00:00:00,42,1,224.67,8
1013,2023-02-08 00:00:00,26,2,283.11,3
1014,2023-01-15 00:00:00,44,1,103.83,7
1015,2023-01-04 00:00:00,14,4,162.05,1
1016,2023-12-15 00:00:00,37,1,338.64,1
1017,2023-07-29 00:00:00,21,4,483.35,9
1018,2023-06-10 00:00:00,18,1,44.2,8
1019,2023-01-16 00:00:00,5,3,447.38,3
1020,2023-04-18 00:00:00,3,2,296.9,6
1021,2023-11-07 00:00:00,23,4,290.68,3
1022,2023-08-15 00:00:00,26,1,260.13,4
1023,2023-06-19 00:00:00,37,2,53.31,1
1024,2023-02-03 00:00:00,24,1,63.14,5
1025,2023-09-08 00:00:00,49,2,308.44,1
1026,2023-09-04 00:00:00,19,2,183.66,1
1027,2023-09-26 00:00:00,25,1,460.29,10
1028,2023-05-21 00:00:00,21,4,215.16,7
1029,2023-10-01 00:00:00,12,4,88.78,6
1030,2023-04-06 00:00:00,41,3,363.07,2
1031,2023-08-15 00:00:00,33,2,160.81,2
1032,2023-02-08 00:00:00,50,3,272.23,7
1033,2023-10-29 00:00:00,4,3,354.96,1
1034,2023-01-29 00:00:00,42,1,452.13,2
1035,2023-11-14 00:00:00,7,1,400.25,8
1036,2023-09-02 00:00:00,22,1,344.65,6
1037,2023-08-24 00:00:00,33,2,346.22,2
1038,2023-07-04 00:00:00,17,1,474.04,7
1039,2023-09-29 00:00:00,24,1,162,4
1040,2023-08-24 00:00:00,34,2,20.53,2
1041,2023-08-27 00:00:00,28,2,150.54,6
1042,2023-09-23 00:00:00,43,4,124.59,9
1043,2023-12-25 00:00:00,41,1,337.68,9
1044,2023-12-06 00:00:00,39,1,324.18,8
1045,2023-03-06 00:00:00,22,1,304.86,3
1046,2023-06-26 00:00:00,49,4,27.8,3
1047,2023-01-03 00:00:00,17,1,369.81,2
1048,2023-05-22 00:00:00,34,4,175.29,5
1049,2023-06-07 00:00:00,6,3,339.23,4
1050,2023-11-20 00:00:00,46,4,287.16,7
1051,2023-05-26 00:00:00,6,3,184.51,4
1052,2023-10-20 00:00:00,34,1,84.6,9
1053,2023-06-02 00:00:00,1,3,65.32,2
1054,2023-07-12 00:00:00,10,4,419.13,6
1055,2023-03-14 00:00:00,21,2,460.83,7
1056,2023-11-01 00:00:00,5,3,331.9,4
1057,2023-12-10 00:00:00,2,3,69.65,6
1058,2023-05-20 00:00:00,22,1,212.97,7
1059,2023-07-06 00:00:00,48,4,369.89,4
1060,2023-10-20 00:00:00,2,3,394.31,8
1061,2023-03-02 00:00:00,10,3,76.74,9
1062,2023-07-17 00:00:00,34,3,20.01,1
1063,2023-10-22 00:00:00,16,3,361.83,7
1064,2023-11-15 00:00:00,48,2,191.17,9
1065,2023-10-29 00:00:00,39,4,142.15,10
1066,2023-12-10 00:00:00,22,1,26.19,5
1067,2023-01-11 00:00:00,12,1,279.34,2
1068,2023-03-03 00:00:00,24,2,428.55,10
1069,2023-11-29 00:00:00,47,4,479.66,6
1070,2023-08-14 00:00:00,40,3,291.56,7
1071,2023-06-02 00:00:00,38,2,266.94,2
1072,2023-07-18 00:00:00,10,4,60.83,2
1073,2023-02-21 00:00:00,35,3,283.46,10
1074,2023-09-17 00:00:00,49,2,202.39,10
1075,2023-02-28 00:00:00,32,4,311.42,1
1076,2023-03-13 00:00:00,7,1,206.59,4
1077,2023-05-28 00:00:00,21,1,135.34,7
1078,2023-12-15 00:00:00,20,4,65.58,9
1079,2023-03-04 00:00:00,26,1,171.16,3
1080,2023-11-06 00:00:00,4,4,66.39,7
1081,2023-08-31 00:00:00,46,3,104.91,7
1082,2023-11-26 00:00:00,22,4,493.92,7
1083,2023-04-17 00:00:00,15,3,233.17,2
1084,2023-08-14 00:00:00,40,2,275.3,6
1085,2023-11-09 00:00:00,21,4,439.34,2
1086,2023-08-06 00:00:00,15,2,497.87,6
1087,2023-08-29 00:00:00,22,1,299.7,10
1088,2023-09-16 00:00:00,28,3,409.99,3
1089,2023-09-19 00:00:00,14,4,176.93,2
1090,2023-01-05 00:00:00,27,2,166.76,6
1091,2023-09-18 00:00:00,41,3,213.3,2
1092,2023-02-23 00:00:00,40,3,342.8,5
1093,2023-02-16 00:00:00,28,1,347.45,2
1094,2023-08-03 00:00:00,26,1,171.31,3
1095,2023-06-26 00:00:00,49,3,83.94,3
1096,2023-01-09 00:00:00,2,3,323.55,6
1097,2023-04-09 00:00:00,25,4,81.6,6
1098,2023-01-20 00:00:00,3,3,297.68,10
1099,2023-08-29 00:00:00,8,4,352.84,3
1100,2023-03-02 00:00:00,44,3,356.29,3
1101,2023-06-27 00:00:00,33,1,381.67,1
1102,2023-12-04 00:00:00,42,4,438.97,7
1103,2023-03-03 00:00:00,35,2,259.98,8
1104,2023-05-25 00:00:00,6,1,370.52,2
1105,2023-08-04 00:00:00,39,4,317.2,4
1106,2023-01-03 00:00:00,23,4,109.59,10
1107,2023-06-09 00:00:00,25,2,32.33,7
1108,2023-08-15 00:00:00,50,4,156.58,8
1109,2023-09-26 00:00:00,43,3,232.66,1
1110,2023-04-30 00:00:00,19,2,316.21,4
1111,2023-03-30 00:00:00,5,1,427.98,6
1112,2023-11-25 00:00:00,11,1,114.2,3
1113,2023-03-09 00:00:00,12,3,80.26,5
1114,2023-12-23 00:00:00,10,1,482.47,10
1115,2023-04-08 00:00:00,8,4,71.86,9
1116,2023-09-24 00:00:00,24,4,249.68,3
1117,2023-04-15 00:00:00,28,3,301.07,5
1118,2023-11-19 00:00:00,41,1,279.86,8
1119,2023-05-03 00:00:00,36,1,61.3,6
1120,2023-01-29 00:00:00,37,3,47.37,4
1121,2023-05-17 00:00:00,21,2,70.63,8
1122,2023-07-14 00:00:00,8,1,301.08,3
1123,2023-08-14 00:00:00,9,2,281.29,3
1124,2023-11-28 00:00:00,47,1,132.2,4
1125,2023-06-19 00:00:00,15,1,326.13,9
1126,2023-01-09 00:00:00,48,1,413.63,5
1127,2023-02-09 00:00:00,46,1,39.96,8
1128,2023-01-25 00:00:00,40,4,259.1,6
1129,2023-09-18 00:00:00,18,2,350.87,3
1130,2023-08-14 00:00:00,42,2,141.11,8
1131,2023-05-04 00:00:00,20,1,167.73,9
1132,2023-02-07 00:00:00,6,1,314.55,8
1133,2023-11-24 00:00:00,12,2,451.01,4
1134,2023-09-08 00:00:00,2,4,408.76,6
1135,2023-06-25 00:00:00,7,3,299.9,1
1136,2023-03-31 00:00:00,16,3,370.51,4
1137,2023-02-06 00:00:00,3,2,195.11,8
1138,2023-11-12 00:00:00,45,1,327.66,1
1139,2023-06-25 00:00:00,3,1,243.77,3
1140,2023-10-11 00:00:00,27,4,111.17,1
1141,2023-03-22 00:00:00,50,3,356.83,9
1142,2023-04-24 00:00:00,43,4,287.1,2
1143,2023-02-09 00:00:00,40,3,192.14,9
1144,2023-10-28 00:00:00,38,2,457.44,4
1145,2023-08-12 00:00:00,33,3,30.05,2
1146,2023-11-14 00:00:00,28,4,171.57,4
1147,2023-12-15 00:00:00,1,4,47.3,10
1148,2023-04-25 00:00:00,8,4,387.93,6
1149,2023-07-05 00:00:00,37,2,357.01,7
1150,2023-11-19 00:00:00,32,3,179.05,3
1151,2023-02-25 00:00:00,48,3,344.32,3
1152,2023-02-09 00:00:00,43,4,210.05,10
1153,2023-12-20 00:00:00,37,3,383,8
1154,2023-02-09 00:00:00,4,1,238.01,5
1155,2023-12-13 00:00:00,30,1,217.89,4
1156,2023-08-25 00:00:00,6,1,468.67,7
1157,2023-10-16 00:00:00,46,3,140.42,7
1158,2023-09-19 00:00:00,19,2,77.81,9
1159,2023-08-04 00:00:00,32,2,300.58,9
1160,2023-05-27 00:00:00,9,2,485.27,5
1161,2023-12-02 00:00:00,12,2,201.36,8
1162,2023-06-17 00:00:00,11,1,49.78,10
1163,2023-04-02 00:00:00,46,1,182.87,1
1164,2023-12-19 00:00:00,16,4,262.85,9
1165,2023-02-28 00:00:00,1,3,97.72,8
1166,2023-02-28 00:00:00,45,3,335.89,6
1167,2023-10-31 00:00:00,21,2,498.92,3
1168,2023-06-18 00:00:00,30,1,236.83,3
1169,2023-09-26 00:00:00,13,2,190.27,8
1170,2023-12-29 00:00:00,34,4,212.34,5
1171,2023-02-14 00:00:00,4,3,75.27,10
1172,2023-12-11 00:00:00,28,3,443.97,7
1173,2023-06-30 00:00:00,38,2,219.12,5
1174,2023-06-19 00:00:00,31,4,205.89,8
1175,2023-12-22 00:00:00,27,3,336.65,10
1176,2023-07-10 00:00:00,5,4,232.18,10
1177,2023-06-04 00:00:00,25,4,331.15,4
1178,2023-07-07 00:00:00,3,2,49.49,2
1179,2023-01-07 00:00:00,33,1,410.59,3
1180,2023-05-13 00:00:00,4,2,471.44,8
1181,2023-08-23 00:00:00,25,1,331.41,7
1182,2023-02-14 00:00:00,20,4,478.19,2
1183,2023-11-10 00:00:00,34,1,92.69,6
1184,2023-09-06 00:00:00,26,4,249.16,9
1185,2023-01-31 00:00:00,5,3,308.87,4
1186,2023-01-23 00:00:00,35,3,299.23,9
1187,2023-06-09 00:00:00,28,3,212.7,2
1188,2023-12-29 00:00:00,29,2,182.28,2
1189,2023-06-07 00:00:00,9,2,80.88,9
1190,2023-02-08 00:00:00,38,4,208.04,7
1191,2023-03-23 00:00:00,50,3,98.08,7
1192,2023-12-22 00:00:00,6,2,372.5,1
1193,2023-09-15 00:00:00,19,3,120.24,6
1194,2023-07-25 00:00:00,44,2,48.11,7
1195,2023-03-18 00:00:00,11,1,285.14,6
1196,2023-01-12 00:00:00,2,1,305.71,6
1197,2023-10-22 00:00:00,47,3,438.52,2
1198,2023-08-12 00:00:00,44,4,296.95,6
1199,2023-01-13 00:00:00,44,2,185.83,4
1200,2023-02-15 00:00:00,9,2,405.45,9
1201,2023-06-04 00:00:00,21,1,279.33,1
1202,2023-04-23 00:00:00,24,1,58.05,8
1203,2023-08-21 00:00:00,34,4,291.61,5
1204,2023-01-17 00:00:00,22,4,455.85,1
1205,2023-12-26 00:00:00,3,4,210.23,4
1206,2023-08-11 00:00:00,12,3,162.24,1
1207,2023-12-20 00:00:00,28,1,88.87,6
1208,2023-07-07 00:00:00,30,3,92.69,2
1209,2023-12-10 00:00:00,26,1,227.73,5
1210,2023-12-31 00:00:00,48,1,305.93,7
1211,2023-06-12 00:00:00,21,2,58.7,2
1212,2023-11-22 00:00:00,28,1,470.99,6
1213,2023-03-15 00:00:00,26,1,382.46,6
1214,2023-08-21 00:00:00,33,3,301.58,5
1215,2023-08-12 00:00:00,21,1,417.65,5
1216,2023-11-15 00:00:00,35,3,58.49,3
1217,2023-03-01 00:00:00,34,4,248.88,10
1218,2023-12-01 00:00:00,41,1,322.44,10
1219,2023-08-10 00:00:00,47,1,417.75,2
1220,2023-02-06 00:00:00,18,3,396.07,7
1221,2023-10-05 00:00:00,11,4,152.99,1
1222,2023-07-15 00:00:00,23,2,471.62,6
1223,2023-12-18 00:00:00,48,4,79.69,6
1224,2023-08-30 00:00:00,22,3,440.06,3
1225,2023-11-20 00:00:00,17,4,486.05,2
1226,2023-08-07 00:00:00,5,3,105.03,2
1227,2023-07-11 00:00:00,44,3,366.59,9
1228,2023-01-17 00:00:00,11,2,39.34,5
1229,2023-01-12 00:00:00,30,1,214.6,7
1230,2023-07-12 00:00:00,15,3,267.82,5
1231,2023-01-22 00:00:00,27,3,298.71,7
1232,2023-04-30 00:00:00,35,2,469.25,4
1233,2023-07-29 00:00:00,33,3,342.68,8
1234,2023-11-02 00:00:00,20,1,251.01,10
1235,2023-09-27 00:00:00,16,2,408.64,10
1236,2023-07-11 00:00:00,34,1,476.26,7
1237,2023-06-24 00:00:00,2,1,30.59,10
1238,2023-10-12 00:00:00,35,2,491.61,5
1239,2023-07-23 00:00:00,40,3,61.34,6
1240,2023-06-13 00:00:00,28,1,410.91,5
1241,2023-09-08 00:00:00,47,1,154.56,7
1242,2023-08-15 00:00:00,39,1,83.45,2
1243,2023-01-07 00:00:00,6,1,231.13,5
1244,2023-01-29 00:00:00,9,2,329.1,10
1245,2023-02-02 00:00:00,20,2,202.86,3
1246,2023-05-14 00:00:00,1,4,46.19,9
1247,2023-03-20 00:00:00,8,4,307.74,6
1248,2023-02-27 00:00:00,23,1,453.15,10
1249,2023-01-26 00:00:00,3,3,203.94,3
1250,2023-08-14 00:00:00,4,1,123.84,7
1251,2023-10-12 00:00:00,25,3,232.44,4
1252,2023-01-04 00:00:00,47,1,43.21,3
1253,2023-04-09 00:00:00,38,4,413.83,8
1254,2023-02-08 00:00:00,15,4,416.64,4
1255,2023-09-28 00:00:00,21,3,302.24,1
1256,2023-10-12 00:00:00,35,1,189.49,6
1257,2023-06-06 00:00:00,46,3,403.9,10
1258,2023-03-16 00:00:00,14,4,286.25,1
1259,2023-10-15 00:00:00,36,1,416.45,5
1260,2023-05-10 00:00:00,12,1,323.1,7
1261,2023-06-24 00:00:00,17,3,396.51,6
1262,2023-03-25 00:00:00,39,2,307.31,2
1263,2023-01-22 00:00:00,9,3,218.79,4
1264,2023-01-27 00:00:00,35,4,479.81,2
1265,2023-07-14 00:00:00,13,4,279.73,1
1266,2023-12-03 00:00:00,15,4,310.44,3
1267,2023-08-24 00:00:00,18,4,125.83,3
1268,2023-04-02 00:00:00,33,4,320.31,7
1269,2023-01-21 00:00:00,6,2,294.37,1
1270,2023-10-30 00:00:00,27,1,108.72,9
1271,2023-12-23 00:00:00,23,3,48.6,6
1272,2023-03-25 00:00:00,27,3,310.09,4
1273,2023-09-19 00:00:00,34,4,386.57,3
1274,2023-05-27 00:00:00,46,3,271.23,3
1275,2023-09-14 00:00:00,38,4,128.85,2
1276,2023-02-27 00:00:00,14,2,339.93,2
1277,2023-01-15 00:00:00,36,2,58.45,10
1278,2023-06-11 00:00:00,8,1,232.08,5
1279,2023-06-12 00:00:00,35,2,98.42,9
1280,2023-11-16 00:00:00,19,2,108.54,2
1281,2023-10-08 00:00:00,30,1,117.1,2
1282,2023-10-07 00:00:00,14,3,205.62,6
1283,2023-01-12 00:00:00,20,4,44.55,10
1284,2023-10-01 00:00:00,49,4,210.94,2
1285,2023-09-28 00:00:00,25,3,265.62,4
1286,2023-07-27 00:00:00,40,1,251.98,6
1287,2023-01-27 00:00:00,24,3,203.74,5
1288,2023-03-13 00:00:00,14,2,422.79,1
1289,2023-03-01 00:00:00,26,1,89.76,6
1290,2023-05-25 00:00:00,38,1,262.73,1
1291,2023-04-03 00:00:00,23,1,49.78,3
1292,2023-11-05 00:00:00,22,4,54.15,10
1293,2023-01-08 00:00:00,48,3,295.46,5
1294,2023-03-20 00:00:00,19,1,291.69,10
1295,2023-01-27 00:00:00,46,1,441.46,5
1296,2023-06-23 00:00:00,3,1,287.78,10
1297,2023-02-19 00:00:00,42,3,480.7,6
1298,2023-07-18 00:00:00,19,4,43.37,10
1299,2023-12-15 00:00:00,9,2,67.04,8
1300,2023-06-30 00:00:00,28,4,41.15,5
1301,2023-01-24 00:00:00,20,1,108.93,1
1302,2023-11-12 00:00:00,45,4,279.81,5
1303,2023-02-15 00:00:00,7,4,329.87,3
1304,2023-01-15 00:00:00,14,2,41.88,4
1305,2023-06-02 00:00:00,9,3,474.07,8
1306,2023-08-10 00:00:00,19,3,424.24,7
1307,2023-07-25 00:00:00,47,4,162.37,5
1308,2023-09-30 00:00:00,14,4,57.05,2
1309,2023-08-24 00:00:00,38,3,101.55,6
1310,2023-12-06 00:00:00,36,3,80.93,6
1311,2023-08-16 00:00:00,40,2,79.18,10
1312,2023-01-09 00:00:00,17,1,268.91,10
1313,2023-06-15 00:00:00,30,4,138.01,6
1314,2023-11-15 00:00:00,9,3,191.91,9
1315,2023-08-02 00:00:00,33,4,494.96,8
1316,2023-04-27 00:00:00,25,4,348.47,8
1317,2023-12-10 00:00:00,14,3,475.51,1
1318,2023-03-13 00:00:00,11,2,88.43,5
1319,2023-03-05 00:00:00,35,4,203.43,7
1320,2023-07-24 00:00:00,41,2,286.27,6
1321,2023-07-28 00:00:00,14,3,56.84,5
1322,2023-03-13 00:00:00,30,1,22.01,8
1323,2023-10-04 00:00:00,41,1,341.81,3
1324,2023-10-01 00:00:00,4,4,328.07,6
1325,2023-11-16 00:00:00,4,3,217.18,5
1326,2023-12-04 00:00:00,28,2,255.03,8
1327,2023-04-05 00:00:00,8,4,219.41,4
1328,2023-06-15 00:00:00,2,3,31.52,8
1329,2023-02-01 00:00:00,41,3,180.98,10
1330,2023-01-11 00:00:00,46,2,105,2
1331,2023-10-28 00:00:00,22,4,67.24,9
1332,2023-08-05 00:00:00,41,3,479.23,9
1333,2023-10-16 00:00:00,16,3,307.69,10
1334,2023-04-12 00:00:00,29,3,369.76,10
1335,2023-09-24 00:00:00,49,2,171.37,6
1336,2023-08-02 00:00:00,48,4,208.71,4
1337,2023-06-28 00:00:00,30,4,133.72,4
1338,2023-03-29 00:00:00,12,4,66.54,6
1339,2023-02-10 00:00:00,35,4,105.94,5
1340,2023-03-17 00:00:00,11,1,402.81,6
1341,2023-02-15 00:00:00,46,1,345.22,7
1342,2023-06-09 00:00:00,50,4,282.53,7
1343,2023-03-21 00:00:00,21,2,248.04,9
1344,2023-11-06 00:00:00,21,1,462.77,8
1345,2023-03-27 00:00:00,5,3,54.91,6
1346,2023-04-02 00:00:00,48,1,154.69,6
1347,2023-05-28 00:00:00,20,3,187.97,5
1348,2023-06-10 00:00:00,37,4,395.56,1
1349,2023-07-21 00:00:00,3,1,496.41,9
1350,2023-08-30 00:00:00,44,2,135.52,9
1351,2023-12-19 00:00:00,33,1,439.67,9
1352,2023-01-02 00:00:00,9,1,418.7,8
1353,2023-08-13 00:00:00,9,1,127.84,10
1354,2023-10-16 00:00:00,4,4,211.68,3
1355,2023-08-21 00:00:00,35,2,216.64,1
1356,2023-03-18 00:00:00,17,1,489.55,8
1357,2023-04-26 00:00:00,34,2,106.83,7
1358,2023-06-03 00:00:00,24,4,403.6,5
1359,2023-04-13 00:00:00,32,3,180.41,10
1360,2023-07-13 00:00:00,1,1,370.82,7
1361,2023-06-15 00:00:00,8,2,221.61,10
1362,2023-12-25 00:00:00,45,2,297.61,4
1363,2023-03-31 00:00:00,23,4,419.65,9
1364,2023-06-23 00:00:00,47,1,406,10
1365,2023-05-02 00:00:00,40,3,435.88,2
1366,2023-05-23 00:00:00,12,2,48.62,9
1367,2023-04-16 00:00:00,12,1,352.18,9
1368,2023-11-01 00:00:00,46,3,87.19,5
1369,2023-12-26 00:00:00,47,2,219.59,1
1370,2023-11-13 00:00:00,15,2,283.32,7
1371,2023-05-03 00:00:00,41,3,213.31,10
1372,2023-01-09 00:00:00,19,3,269.41,10
1373,2023-09-19 00:00:00,26,4,498.33,4
1374,2023-03-14 00:00:00,29,1,84.9,9
1375,2023-12-25 00:00:00,22,1,344.22,6
1376,2023-08-11 00:00:00,40,4,210.08,3
1377,2023-02-10 00:00:00,21,2,83.84,6
1378,2023-07-23 00:00:00,38,3,96.19,10
1379,2023-09-21 00:00:00,20,3,475.65,6
1380,2023-11-24 00:00:00,29,3,442.21,5
1381,2023-06-27 00:00:00,4,2,455.38,2
1382,2023-12-14 00:00:00,7,3,495.94,10
1383,2023-11-14 00:00:00,28,3,119.99,10
1384,2023-03-25 00:00:00,28,4,190.61,2
1385,2023-11-14 00:00:00,4,2,341.23,7
1386,2023-04-21 00:00:00,22,1,252.23,2
1387,2023-09-08 00:00:00,12,4,220.83,6
1388,2023-01-07 00:00:00,45,4,191.75,5
1389,2023-03-25 00:00:00,3,1,305.01,4
1390,2023-07-27 00:00:00,22,4,296.28,7
1391,2023-11-10 00:00:00,44,2,97.5,8
1392,2023-01-22 00:00:00,2,3,246.44,4
1393,2023-01-03 00:00:00,24,2,285.67,1
1394,2023-05-07 00:00:00,34,1,293.74,1
1395,2023-10-24 00:00:00,27,1,120.85,1
1396,2023-07-07 00:00:00,41,4,376.29,1
1397,2023-12-28 00:00:00,1,2,32.1,5
1398,2023-01-14 00:00:00,8,2,190.32,4
1399,2023-01-12 00:00:00,23,1,394.5,9
1400,2023-03-28 00:00:00,38,2,290.67,3
1401,2023-01-12 00:00:00,6,1,145.36,7
1402,2023-01-25 00:00:00,22,2,353.58,8
1403,2023-10-28 00:00:00,25,2,292.35,6
1404,2023-08-31 00:00:00,18,2,402.2,10
1405,2023-05-02 00:00:00,17,1,372.81,1
1406,2023-05-27 00:00:00,12,4,312.85,8
1407,2023-02-24 00:00:00,6,2,254.33,10
1408,2023-08-26 00:00:00,26,1,83.93,3
1409,2023-12-22 00:00:00,27,1,145.44,8
1410,2023-06-22 00:00:00,8,2,221.17,4
1411,2023-08-09 00:00:00,19,2,307.66,8
1412,2023-04-29 00:00:00,42,4,266.58,1
1413,2023-11-05 00:00:00,1,1,158.33,3
1414,2023-07-02 00:00:00,29,1,23.1,6
1415,2023-10-15 00:00:00,45,3,258.19,9
1416,2023-11-03 00:00:00,49,1,157.1,2
1417,2023-10-27 00:00:00,35,4,372.61,1
1418,2023-03-23 00:00:00,40,3,31.49,10
1419,2023-07-30 00:00:00,14,3,300.72,3
1420,2023-05-30 00:00:00,35,3,471.91,4
1421,2023-02-06 00:00:00,48,2,103.72,5
1422,2023-12-18 00:00:00,45,2,246.39,3
1423,2023-11-08 00:00:00,20,1,63.88,10
1424,2023-12-27 00:00:00,49,3,320.33,2
1425,2023-02-28 00:00:00,13,4,284.26,2
1426,2023-05-11 00:00:00,38,2,215.54,7
1427,2023-07-21 00:00:00,49,4,270.26,9
1428,2023-08-31 00:00:00,46,4,450.36,10
1429,2023-02-04 00:00:00,49,2,114.22,2
1430,2023-04-03 00:00:00,8,2,30.83,7
1431,2023-07-26 00:00:00,43,2,433.6,7
1432,2023-12-19 00:00:00,20,2,297.02,7
1433,2023-11-28 00:00:00,33,3,447.52,3
1434,2023-11-01 00:00:00,26,3,306.53,7
1435,2023-12-16 00:00:00,39,3,408.88,1
1436,2023-08-01 00:00:00,21,3,226.24,10
1437,2023-06-08 00:00:00,49,1,379.93,1
1438,2023-01-24 00:00:00,42,3,458.26,5
1439,2023-10-20 00:00:00,43,2,294.62,2
1440,2023-01-04 00:00:00,41,4,106.78,9
1441,2023-08-08 00:00:00,9,3,149.02,7
1442,2023-12-30 00:00:00,24,1,115.35,4
1443,2023-01-20 00:00:00,37,2,138.49,4
1444,2023-06-01 00:00:00,49,4,167.08,2
1445,2023-02-19 00:00:00,41,4,286.46,5
1446,2023-06-26 00:00:00,17,3,302.24,4
1447,2023-04-06 00:00:00,24,4,224.72,1
1448,2023-04-15 00:00:00,21,3,315.4,8
1449,2023-09-07 00:00:00,39,3,59.16,3
1450,2023-04-27 00:00:00,41,2,62.14,6
1451,2023-12-20 00:00:00,39,2,102.48,4
1452,2023-08-16 00:00:00,13,1,268.68,9
1453,2023-03-07 00:00:00,11,2,122.72,7
1454,2023-12-01 00:00:00,46,2,155.98,9
1455,2023-09-19 00:00:00,19,3,212.15,10
1456,2023-10-22 00:00:00,11,2,409.7,3
1457,2023-08-31 00:00:00,13,3,26.65,1
1458,2023-07-05 00:00:00,46,3,331.7,5
1459,2023-09-03 00:00:00,45,2,341.06,3
1460,2023-05-05 00:00:00,1,1,403.35,6
1461,2023-09-25 00:00:00,40,1,467.72,8
1462,2023-05-11 00:00:00,44,4,29.67,4
1463,2023-08-25 00:00:00,19,4,93.82,5
1464,2023-01-18 00:00:00,12,2,445.36,5
1465,2023-02-09 00:00:00,8,1,240.09,4
1466,2023-01-21 00:00:00,8,3,291,4
1467,2023-08-13 00:00:00,45,4,338.25,4
1468,2023-12-21 00:00:00,12,3,345.95,4
1469,2023-10-09 00:00:00,48,4,467.24,4
1470,2023-01-08 00:00:00,33,2,498.54,5
1471,2023-04-10 00:00:00,45,1,365.68,2
1472,2023-08-28 00:00:00,26,4,157.87,2
1473,2023-03-28 00:00:00,39,1,442.28,9
1474,2023-10-25 00:00:00,28,3,43.63,2
1475,2023-01-14 00:00:00,5,2,130.92,6
1476,2023-11-30 00:00:00,8,1,450.75,2
1477,2023-01-02 00:00:00,25,2,142.97,5
1478,2023-10-20 00:00:00,27,1,125.91,4
1479,2023-11-21 00:00:00,46,3,86.3,7
1480,2023-02-10 00:00:00,23,3,432.37,7
1481,2023-11-14 00:00:00,30,2,260.03,6
1482,2023-11-12 00:00:00,45,3,343.95,10
1483,2023-04-21 00:00:00,47,4,134.75,5
1484,2023-01-14 00:00:00,23,1,383.86,1
1485,2023-08-19 00:00:00,49,3,384.8,3
1486,2023-03-25 00:00:00,47,4,170.05,9
1487,2023-05-10 00:00:00,20,2,217.13,1
1488,2023-08-19 00:00:00,18,4,120.65,5
1489,2023-11-22 00:00:00,18,2,488.75,2
1490,2023-05-25 00:00:00,2,2,329.89,4
1491,2023-12-11 00:00:00,4,1,468.58,1
1492,2023-01-28 00:00:00,30,1,165.63,3
1493,2023-03-07 00:00:00,33,4,395.31,10
1494,2023-06-12 00:00:00,36,1,387.61,7
1495,2023-08-17 00:00:00,18,1,351.99,10
1496,2023-09-18 00:00:00,37,1,483.51,3
1497,2023-06-13 00:00:00,19,4,208.91,4
1498,2023-10-28 00:00:00,47,3,82.74,2
1499,2023-10-30 00:00:00,28,1,342.42,3
1500,2023-10-14 00:00:00,40,1,370.07,9
1501,2023-07-30 00:00:00,3,4,198.13,2
1502,2023-05-03 00:00:00,38,4,365.65,3
1503,2023-08-17 00:00:00,20,4,344.48,3
1504,2023-03-23 00:00:00,34,3,358.72,9
1505,2023-05-24 00:00:00,49,1,254.83,4
1506,2023-05-20 00:00:00,44,4,203.81,1
1507,2023-01-29 00:00:00,44,2,126.6,1
1508,2023-09-27 00:00:00,30,4,415.82,7
1509,2023-09-04 00:00:00,17,3,312.01,7
1510,2023-01-12 00:00:00,10,4,233.29,2
1511,2023-12-21 00:00:00,35,1,473.12,9
1512,2023-12-03 00:00:00,20,4,42.96,9
1513,2023-04-16 00:00:00,18,3,428.08,5
1514,2023-02-01 00:00:00,45,3,498.84,3
1515,2023-03-15 00:00:00,44,2,445.73,3
1516,2023-06-20 00:00:00,27,3,409.01,3
1517,2023-12-03 00:00:00,49,2,199.67,6
1518,2023-03-10 00:00:00,36,1,131.03,4
1519,2023-10-28 00:00:00,23,3,372.73,8
1520,2023-12-28 00:00:00,32,4,166.2,5
1521,2023-05-17 00:00:00,10,1,104.5,1
1522,2023-04-10 00:00:00,11,4,397.53,9
1523,2023-05-26 00:00:00,38,4,170.02,1
1524,2023-01-09 00:00:00,6,4,458.93,6
1525,2023-03-03 00:00:00,41,1,423.5,1
1526,2023-07-04 00:00:00,47,1,426.87,3
1527,2023-01-29 00:00:00,34,3,390.35,10
1528,2023-04-24 00:00:00,36,4,442.82,5
1529,2023-05-23 00:00:00,37,2,406.76,10
1530,2023-04-30 00:00:00,17,3,309.21,7
1531,2023-06-19 00:00:00,40,1,161.99,10
1532,2023-06-06 00:00:00,40,2,446.34,8
1533,2023-12-01 00:00:00,12,1,423.49,9
1534,2023-12-15 00:00:00,21,2,246.98,6
1535,2023-09-17 00:00:00,40,3,38.76,9
1536,2023-03-23 00:00:00,19,2,326.5,8
1537,2023-08-30 00:00:00,3,3,44.29,9
1538,2023-06-21 00:00:00,18,1,464.61,10
1539,2023-08-19 00:00:00,19,2,481.58,4
1540,2023-07-27 00:00:00,47,4,110.96,9
1541,2023-03-16 00:00:00,6,4,344.67,7
1542,2023-09-27 00:00:00,16,1,64.29,5
1543,2023-04-24 00:00:00,8,2,370.17,5
1544,2023-03-03 00:00:00,48,4,186.7,1
1545,2023-12-28 00:00:00,18,3,346.9,2
1546,2023-11-16 00:00:00,48,2,198.98,10
1547,2023-04-12 00:00:00,43,2,89.87,3
1548,2023-12-28 00:00:00,39,4,214.93,8
1549,2023-07-29 00:00:00,49,3,74.08,6
1550,2023-09-12 00:00:00,49,3,296.9,10
1551,2023-01-20 00:00:00,12,3,39.66,5
1552,2023-02-27 00:00:00,45,2,273.11,1
1553,2023-04-22 00:00:00,10,1,445.46,9
1554,2023-11-09 00:00:00,7,2,422.18,3
1555,2023-07-15 00:00:00,46,2,443.74,3
1556,2023-12-19 00:00:00,1,4,462.58,2
1557,2023-04-02 00:00:00,49,1,70.17,4
1558,2023-02-21 00:00:00,36,3,81.8,2
1559,2023-10-20 00:00:00,21,4,287.36,9
1560,2023-01-08 00:00:00,37,2,449.11,10
1561,2023-10-27 00:00:00,24,1,487.69,7
1562,2023-04-08 00:00:00,25,3,42.21,8
1563,2023-08-24 00:00:00,7,3,190.77,3
1564,2023-03-10 00:00:00,42,2,122.19,6
1565,2023-02-14 00:00:00,17,3,382.86,10
1566,2023-05-17 00:00:00,29,3,327.29,6
1567,2023-08-22 00:00:00,30,1,77.55,1
1568,2023-02-01 00:00:00,7,4,252.09,6
1569,2023-10-16 00:00:00,33,1,349.01,3
1570,2023-05-06 00:00:00,7,4,393.92,3
1571,2023-03-08 00:00:00,24,4,29.63,3
1572,2023-01-30 00:00:00,11,4,447.43,10
1573,2023-04-24 00:00:00,9,3,293.26,10
1574,2023-07-23 00:00:00,12,1,409.72,8
1575,2023-01-29 00:00:00,35,3,407.81,5
1576,2023-05-11 00:00:00,4,2,111.13,4
1577,2023-07-04 00:00:00,36,1,72.88,9
1578,2023-09-10 00:00:00,28,4,366.22,9
1579,2023-10-13 00:00:00,13,3,95.08,1
1580,2023-03-03 00:00:00,23,3,427.97,2
1581,2023-01-03 00:00:00,19,1,368.57,8
1582,2023-03-09 00:00:00,42,1,424.08,5
1583,2023-01-25 00:00:00,37,4,163.53,7
1584,2023-06-28 00:00:00,39,4,171.97,1
1585,2023-05-21 00:00:00,24,2,342.19,10
1586,2023-08-19 00:00:00,16,4,35.09,5
1587,2023-10-27 00:00:00,33,3,368.72,3
1588,2023-06-12 00:00:00,12,2,421.18,10
1589,2023-11-07 00:00:00,34,2,219.28,2
1590,2023-05-10 00:00:00,7,2,387.14,2
1591,2023-09-03 00:00:00,11,1,103.81,9
1592,2023-10-24 00:00:00,31,4,174.68,4
1593,2023-06-21 00:00:00,29,2,487.67,4
1594,2023-03-05 00:00:00,13,1,493.44,7
1595,2023-01-31 00:00:00,31,1,266.05,10
1596,2023-02-16 00:00:00,2,2,468.45,10
1597,2023-05-10 00:00:00,39,2,270.91,2
1598,2023-12-18 00:00:00,15,3,159.96,3
1599,2023-11-29 00:00:00,11,2,148.11,3
1600,2023-04-20 00:00:00,34,3,466.16,6
1601,2023-03-10 00:00:00,39,2,102.77,3
1602,2023-02-27 00:00:00,4,2,298.22,5
1603,2023-04-16 00:00:00,11,4,286.65,4
1604,2023-10-27 00:00:00,29,2,375.02,3
1605,2023-11-26 00:00:00,2,2,259.64,8
1606,2023-09-13 00:00:00,16,3,150.7,10
1607,2023-11-08 00:00:00,39,3,101.31,3
1608,2023-06-20 00:00:00,13,4,317.99,6
1609,2023-06-11 00:00:00,37,2,365.12,7
1610,2023-10-13 00:00:00,17,2,293.37,7
1611,2023-03-12 00:00:00,21,3,374.41,2
1612,2023-09-12 00:00:00,44,1,87.93,3
1613,2023-02-24 00:00:00,19,1,443.59,10
1614,2023-11-19 00:00:00,7,1,299.55,10
1615,2023-01-03 00:00:00,38,3,80.89,4
1616,2023-01-26 00:00:00,8,3,241.72,7
1617,2023-11-09 00:00:00,13,1,425.5,2
1618,2023-05-06 00:00:00,37,1,450.83,3
1619,2023-02-22 00:00:00,2,2,147.03,7
1620,2023-07-17 00:00:00,41,3,361.41,7
1621,2023-10-26 00:00:00,11,3,67.99,10
1622,2023-07-07 00:00:00,24,1,36.1,3
1623,2023-07-05 00:00:00,6,1,288.99,1
1624,2023-11-01 00:00:00,26,4,353.52,3
1625,2023-10-25 00:00:00,7,3,401.98,5
1626,2023-07-23 00:00:00,39,4,183.3,7
1627,2023-01-11 00:00:00,19,2,23.13,4
1628,2023-12-25 00:00:00,6,4,250.17,1
1629,2023-12-20 00:00:00,43,1,27.61,6
1630,2023-05-26 00:00:00,29,3,64.15,2
1631,2023-03-26 00:00:00,43,3,176.81,3
1632,2023-04-10 00:00:00,39,4,229.84,4
1633,2023-04-14 00:00:00,2,4,154.15,6
1634,2023-02-15 00:00:00,19,2,299.3,6
1635,2023-02-13 00:00:00,4,2,46.57,7
1636,2023-10-05 00:00:00,6,1,89.4,5
1637,2023-06-30 00:00:00,49,1,353.72,7
1638,2023-07-06 00:00:00,37,1,88.23,2
1639,2023-04-24 00:00:00,28,4,327.09,1
1640,2023-09-12 00:00:00,30,4,46.25,10
1641,2023-01-30 00:00:00,7,3,215.54,8
1642,2023-09-21 00:00:00,9,1,105.16,1
1643,2023-04-08 00:00:00,25,4,72.63,2
1644,2023-11-09 00:00:00,33,3,292.18,10
1645,2023-11-25 00:00:00,1,1,465.6,6
1646,2023-04-25 00:00:00,6,2,46.3,1
1647,2023-10-03 00:00:00,18,2,222.35,10
1648,2023-10-08 00:00:00,10,4,359.62,3
1649,2023-10-02 00:00:00,28,3,242.09,7
1650,2023-09-18 00:00:00,11,2,407.12,8
1651,2023-11-27 00:00:00,33,3,106.23,4
1652,2023-07-26 00:00:00,1,3,480.61,3
1653,2023-11-24 00:00:00,13,2,204.88,1
1654,2023-07-30 00:00:00,37,3,183.95,9
1655,2023-08-03 00:00:00,20,2,439.81,10
1656,2023-02-09 00:00:00,1,4,290.66,6
1657,2023-01-26 00:00:00,3,1,267.89,6
1658,2023-01-27 00:00:00,18,1,368.95,9
1659,2023-07-09 00:00:00,41,4,298.32,1
1660,2023-03-24 00:00:00,14,2,98.01,6
1661,2023-06-19 00:00:00,31,2,343.61,5
1662,2023-06-16 00:00:00,27,2,84.07,6
1663,2023-07-07 00:00:00,17,2,406.81,8
1664,2023-06-18 00:00:00,46,4,495.07,5
1665,2023-10-16 00:00:00,29,1,201.15,2
1666,2023-08-17 00:00:00,36,3,233.48,2
1667,2023-04-07 00:00:00,37,3,42.29,10
1668,2023-01-16 00:00:00,26,1,26.59,5
1669,2023-10-06 00:00:00,17,4,462.28,3
1670,2023-05-15 00:00:00,22,3,81.74,10
1671,2023-01-26 00:00:00,25,1,233.97,3
1672,2023-12-18 00:00:00,2,4,411.37,8
1673,2023-01-12 00:00:00,22,3,446.87,7
1674,2023-03-13 00:00:00,5,2,269.31,1
1675,2023-05-13 00:00:00,4,2,291.22,5
1676,2023-04-16 00:00:00,36,4,341.45,9
1677,2023-08-08 00:00:00,6,2,481.46,4
1678,2023-06-26 00:00:00,21,4,309.28,1
1679,2023-10-09 00:00:00,13,1,288.55,8
1680,2023-05-13 00:00:00,37,1,26.98,5
1681,2023-01-22 00:00:00,25,3,58.86,2
1682,2023-09-26 00:00:00,26,4,297.04,1
1683,2023-06-10 00:00:00,39,3,469.4,3
1684,2023-04-17 00:00:00,20,3,436.01,9
1685,2023-10-06 00:00:00,33,1,491.64,1
1686,2023-12-19 00:00:00,14,3,273.36,4
1687,2023-08-23 00:00:00,36,2,398.21,8
1688,2023-01-18 00:00:00,17,3,423.39,8
1689,2023-08-30 00:00:00,21,4,331.06,10
1690,2023-04-27 00:00:00,46,2,182.6,8
1691,2023-10-13 00:00:00,16,1,245.59,10
1692,2023-10-09 00:00:00,46,4,431.8,8
1693,2023-05-24 00:00:00,16,2,163.3,4
1694,2023-07-24 00:00:00,20,4,463.4,8
1695,2023-02-08 00:00:00,29,2,130.31,9
1696,2023-06-03 00:00:00,28,4,379.77,7
1697,2023-06-25 00:00:00,8,4,322.67,2
1698,2023-08-29 00:00:00,24,2,379.81,9
1699,2023-05-14 00:00:00,3,1,229.93,8
1700,2023-02-15 00:00:00,25,1,467.67,5
1701,2023-02-19 00:00:00,19,4,323.59,3
1702,2023-06-15 00:00:00,33,4,158.38,7
1703,2023-04-16 00:00:00,2,1,326.46,2
1704,2023-08-04 00:00:00,15,1,157.67,3
1705,2023-05-26 00:00:00,22,3,160.94,9
1706,2023-03-13 00:00:00,10,1,211.81,4
1707,2023-11-26 00:00:00,18,4,429.17,4
1708,2023-09-30 00:00:00,22,2,260.14,3
1709,2023-09-04 00:00:00,46,1,345.87,5
1710,2023-07-05 00:00:00,49,3,208.14,3
1711,2023-03-11 00:00:00,27,3,146.53,9
1712,2023-05-30 00:00:00,13,3,478.23,3
1713,2023-09-03 00:00:00,33,2,309.72,2
1714,2023-09-19 00:00:00,5,1,468.3,5
1715,2023-01-26 00:00:00,26,1,117.64,6
1716,2023-05-20 00:00:00,13,1,90.51,1
1717,2023-04-09 00:00:00,27,2,430.79,6
1718,2023-10-05 00:00:00,14,2,346.84,10
1719,2023-02-20 00:00:00,24,4,109.56,3
1720,2023-05-31 00:00:00,3,3,149.29,4
1721,2023-04-14 00:00:00,47,3,404.32,6
1722,2023-03-30 00:00:00,49,1,237.86,8
1723,2023-05-21 00:00:00,30,2,341.86,9
1724,2023-08-01 00:00:00,35,2,172.81,6
1725,2023-08-21 00:00:00,48,1,202.99,7
1726,2023-07-02 00:00:00,14,1,495.54,5
1727,2023-09-08 00:00:00,12,4,138.86,9
1728,2023-01-09 00:00:00,28,3,263.1,4
1729,2023-03-20 00:00:00,44,3,425.31,10
1730,2023-02-21 00:00:00,29,3,134.83,6
1731,2023-09-26 00:00:00,43,4,219.3,5
1732,2023-08-14 00:00:00,17,1,315.24,1
1733,2023-02-20 00:00:00,40,1,250.97,5
1734,2023-07-05 00:00:00,49,3,240.56,5
1735,2023-02-03 00:00:00,21,3,194,9
1736,2023-10-18 00:00:00,23,4,301.59,1
1737,2023-08-18 00:00:00,20,2,319.7,5
1738,2023-05-11 00:00:00,11,2,333.58,7
1739,2023-04-30 00:00:00,34,3,53.78,6
1740,2023-11-22 00:00:00,10,4,322.9,6
1741,2023-09-04 00:00:00,10,3,477.55,7
1742,2023-07-11 00:00:00,43,2,279.67,6
1743,2023-11-19 00:00:00,6,3,363.33,5
1744,2023-07-29 00:00:00,36,2,287.23,10
1745,2023-04-13 00:00:00,24,2,430.28,5
1746,2023-11-25 00:00:00,12,2,466.2,9
1747,2023-05-13 00:00:00,43,1,108.43,8
1748,2023-11-19 00:00:00,23,1,229.69,10
1749,2023-05-19 00:00:00,27,3,208.34,4
1750,2023-05-01 00:00:00,45,2,214.5,4
1751,2023-04-04 00:00:00,37,1,80.25,10
1752,2023-05-09 00:00:00,6,3,410.54,5
1753,2023-04-01 00:00:00,1,3,37.17,3
1754,2023-04-02 00:00:00,6,3,273.55,8
1755,2023-03-04 00:00:00,50,3,337.7,7
1756,2023-01-29 00:00:00,22,3,119.59,5
1757,2023-07-29 00:00:00,41,4,454.81,10
1758,2023-01-12 00:00:00,24,2,422.5,3
1759,2023-11-29 00:00:00,25,3,246.12,5
1760,2023-10-24 00:00:00,15,4,217.35,3
1761,2023-05-10 00:00:00,26,2,133.55,10
1762,2023-10-20 00:00:00,8,1,370.4,5
1763,2023-06-22 00:00:00,24,3,83.24,1
1764,2023-07-27 00:00:00,48,4,346.51,6
1765,2023-01-24 00:00:00,38,1,424.38,10
1766,2023-04-09 00:00:00,6,4,129.67,4
1767,2023-12-22 00:00:00,35,2,435.89,4
1768,2023-05-19 00:00:00,42,2,36,8
1769,2023-11-10 00:00:00,1,1,458.14,2
1770,2023-06-23 00:00:00,46,4,76.81,4
1771,2023-01-29 00:00:00,36,3,329.96,2
1772,2023-05-23 00:00:00,12,3,140.04,1
1773,2023-11-12 00:00:00,38,1,421.55,10
1774,2023-12-17 00:00:00,11,1,265.9,3
1775,2023-02-11 00:00:00,12,1,84.92,8
1776,2023-10-26 00:00:00,42,4,294.08,6
1777,2023-07-27 00:00:00,50,3,215.78,7
1778,2023-11-26 00:00:00,39,3,337.49,2
1779,2023-07-11 00:00:00,7,3,443.31,6
1780,2023-06-09 00:00:00,11,1,216.51,8
1781,2023-03-05 00:00:00,36,3,159.14,8
1782,2023-08-31 00:00:00,31,2,26.97,4
1783,2023-09-15 00:00:00,33,1,295.92,6
1784,2023-06-01 00:00:00,13,3,213.09,5
1785,2023-08-03 00:00:00,18,4,199.83,9
1786,2023-11-18 00:00:00,41,1,107.81,8
1787,2023-06-15 00:00:00,24,2,226.43,2
1788,2023-01-31 00:00:00,9,2,492.53,7
1789,2023-08-20 00:00:00,31,4,162.92,7
1790,2023-10-09 00:00:00,41,4,307.86,1
1791,2023-01-29 00:00:00,10,1,392.71,1
1792,2023-07-14 00:00:00,2,1,379.6,4
1793,2023-11-30 00:00:00,38,2,177.81,5
1794,2023-09-13 00:00:00,15,4,313.21,4
1795,2023-10-08 00:00:00,3,1,438.21,7
1796,2023-10-31 00:00:00,43,2,27.41,3
1797,2023-11-17 00:00:00,31,4,229.15,7
1798,2023-11-19 00:00:00,6,2,127.65,8
1799,2023-12-12 00:00:00,3,3,206.54,6
1800,2023-10-21 00:00:00,11,4,219.68,6
1801,2023-03-28 00:00:00,15,1,378.4,8
1802,2023-05-29 00:00:00,45,1,65.03,8
1803,2023-09-06 00:00:00,28,3,266.04,7
1804,2023-11-17 00:00:00,10,4,290.81,6
1805,2023-10-10 00:00:00,38,2,257.2,6
1806,2023-12-28 00:00:00,47,1,371.3,10
1807,2023-07-17 00:00:00,50,3,204.22,6
1808,2023-02-13 00:00:00,50,3,473.58,8
1809,2023-12-22 00:00:00,7,4,251.27,1
1810,2023-01-28 00:00:00,15,4,294.18,5
1811,2023-01-17 00:00:00,18,1,416.25,3
1812,2023-05-07 00:00:00,18,3,152.11,8
1813,2023-06-17 00:00:00,41,2,56.1,6
1814,2023-09-01 00:00:00,24,3,359.74,2
1815,2023-03-17 00:00:00,2,2,251.85,7
1816,2023-08-19 00:00:00,40,2,450.32,7
1817,2023-07-23 00:00:00,20,1,491.69,5
1818,2023-09-05 00:00:00,34,3,211.57,8
1819,2023-10-29 00:00:00,43,2,219.41,5
1820,2023-08-02 00:00:00,26,4,215.82,1
1821,2023-08-03 00:00:00,7,2,175.79,9
1822,2023-06-07 00:00:00,38,4,395.21,4
1823,2023-03-10 00:00:00,30,4,384.32,2
1824,2023-03-26 00:00:00,42,3,249.75,4
1825,2023-09-24 00:00:00,5,4,41.44,9
1826,2023-03-10 00:00:00,11,2,168.59,2
1827,2023-04-09 00:00:00,1,4,160.31,4
1828,2023-12-13 00:00:00,34,3,409.32,2
1829,2023-08-04 00:00:00,1,1,62.04,5
1830,2023-06-10 00:00:00,19,2,406.72,3
1831,2023-04-04 00:00:00,2,2,341.21,10
1832,2023-06-23 00:00:00,21,3,371.57,2
1833,2023-06-14 00:00:00,20,3,227.46,9
1834,2023-04-25 00:00:00,23,3,346.27,5
1835,2023-08-08 00:00:00,21,3,312.33,10
1836,2023-01-31 00:00:00,24,2,389.11,5
1837,2023-01-11 00:00:00,4,1,234.45,1
1838,2023-12-09 00:00:00,12,4,246.96,6
1839,2023-05-10 00:00:00,22,4,328.92,7
1840,2023-04-15 00:00:00,20,1,71.88,1
1841,2023-01-27 00:00:00,18,1,229.4,9
1842,2023-08-15 00:00:00,1,1,486.54,8
1843,2023-01-02 00:00:00,30,3,38.03,8
1844,2023-12-25 00:00:00,33,2,171.68,7
1845,2023-04-11 00:00:00,24,2,170.77,5
1846,2023-01-21 00:00:00,14,2,324.06,3
1847,2023-02-27 00:00:00,36,3,70.78,9
1848,2023-06-29 00:00:00,5,2,321.7,7
1849,2023-12-07 00:00:00,11,3,65.62,10
1850,2023-12-15 00:00:00,24,2,65.58,10
1851,2023-01-20 00:00:00,31,1,369.53,8
1852,2023-09-12 00:00:00,13,4,175.58,6
1853,2023-11-13 00:00:00,16,4,489.16,5
1854,2023-02-07 00:00:00,24,3,37.93,8
1855,2023-05-28 00:00:00,13,2,233.65,3
1856,2023-01-25 00:00:00,24,4,74.31,7
1857,2023-05-01 00:00:00,26,1,188.66,2
1858,2023-01-26 00:00:00,2,1,499.15,3
1859,2023-06-18 00:00:00,16,1,446.64,2
1860,2023-11-19 00:00:00,38,3,43.2,5
1861,2023-08-13 00:00:00,46,3,290.36,7
1862,2023-01-01 00:00:00,1,2,330.95,10
1863,2023-11-03 00:00:00,49,1,120.58,10
1864,2023-09-18 00:00:00,11,2,89.65,1
1865,2023-01-13 00:00:00,35,2,454.1,10
1866,2023-02-17 00:00:00,43,1,485.03,9
1867,2023-11-09 00:00:00,29,2,496.11,1
1868,2023-10-18 00:00:00,37,4,399.09,1
1869,2023-11-28 00:00:00,17,3,338.48,10
1870,2023-04-04 00:00:00,39,2,185.95,8
1871,2023-09-18 00:00:00,42,1,102.27,6
1872,2023-10-05 00:00:00,28,3,57.91,6
1873,2023-12-25 00:00:00,29,3,352.78,9
1874,2023-07-24 00:00:00,43,2,396.67,4
1875,2023-07-04 00:00:00,3,4,416.7,8
1876,2023-06-24 00:00:00,10,2,458.61,4
1877,2023-11-05 00:00:00,42,4,442.37,2
1878,2023-03-10 00:00:00,14,3,499.88,8
1879,2023-04-14 00:00:00,12,2,137.15,7
1880,2023-09-03 00:00:00,47,1,386.39,4
1881,2023-06-10 00:00:00,42,2,301.5,9
1882,2023-07-19 00:00:00,30,4,145.4,9
1883,2023-08-04 00:00:00,32,4,491.31,8
1884,2023-07-31 00:00:00,32,2,450.99,1
1885,2023-01-16 00:00:00,42,4,81.69,7
1886,2023-11-28 00:00:00,32,3,32.56,5
1887,2023-07-24 00:00:00,26,2,350.4,7
1888,2023-12-31 00:00:00,1,4,309.98,9
1889,2023-02-08 00:00:00,42,2,469.19,2
1890,2023-03-30 00:00:00,2,2,132.32,4
1891,2023-09-13 00:00:00,17,1,60.51,4
1892,2023-09-11 00:00:00,30,2,144.42,2
1893,2023-08-04 00:00:00,39,1,29.09,3
1894,2023-10-30 00:00:00,7,4,37.23,8
1895,2023-06-21 00:00:00,27,1,459.13,9
1896,2023-05-17 00:00:00,9,1,188.97,6
1897,2023-06-27 00:00:00,22,1,217.19,10
1898,2023-03-18 00:00:00,34,3,28.82,2
1899,2023-07-07 00:00:00,46,1,149.85,2
1900,2023-01-15 00:00:00,49,2,406.27,7
1901,2023-10-19 00:00:00,1,1,315.44,8
1902,2023-11-15 00:00:00,9,2,381.81,8
1903,2023-11-21 00:00:00,20,1,234.66,6
1904,2023-08-02 00:00:00,19,3,168.67,10
1905,2023-07-27 00:00:00,36,4,251.75,8
1906,2023-06-18 00:00:00,40,1,175.07,1
1907,2023-11-26 00:00:00,45,1,422.71,9
1908,2023-10-07 00:00:00,4,3,162.88,1
1909,2023-11-01 00:00:00,9,1,336.69,3
1910,2023-05-26 00:00:00,41,2,85.75,9
1911,2023-09-20 00:00:00,22,1,349.7,5
1912,2023-01-04 00:00:00,18,1,458.38,9
1913,2023-03-31 00:00:00,12,4,312.12,9
1914,2023-03-01 00:00:00,42,4,288.73,6
1915,2023-11-07 00:00:00,43,1,481.34,1
1916,2023-01-16 00:00:00,39,3,321.15,10
1917,2023-08-15 00:00:00,9,4,144.58,7
1918,2023-01-29 00:00:00,6,1,160.35,6
1919,2023-05-31 00:00:00,19,4,358.55,9
1920,2023-09-02 00:00:00,48,1,373.01,7
1921,2023-09-27 00:00:00,47,4,165.68,4
1922,2023-03-20 00:00:00,7,4,185.77,7
1923,2023-10-16 00:00:00,16,2,495.71,2
1924,2023-06-02 00:00:00,5,1,68.94,6
1925,2023-10-04 00:00:00,16,1,214.23,6
1926,2023-10-06 00:00:00,1,1,49.97,2
1927,2023-02-26 00:00:00,37,1,414.12,4
1928,2023-07-05 00:00:00,39,4,64.33,8
1929,2023-04-03 00:00:00,19,2,343.52,8
1930,2023-10-03 00:00:00,37,2,47.11,8
1931,2023-06-07 00:00:00,17,3,342.97,8
1932,2023-10-02 00:00:00,26,1,424.66,1
1933,2023-06-30 00:00:00,22,3,211.43,2
1934,2023-12-25 00:00:00,8,4,270.62,4
1935,2023-03-18 00:00:00,33,3,212.74,9
1936,2023-05-31 00:00:00,2,1,164.23,3
1937,2023-08-26 00:00:00,30,2,405.57,6
1938,2023-10-16 00:00:00,47,2,150.56,7
1939,2023-08-19 00:00:00,20,1,367.01,8
1940,2023-01-18 00:00:00,18,4,118.97,7
1941,2023-03-14 00:00:00,43,1,139.93,3
1942,2023-07-08 00:00:00,10,4,181.5,6
1943,2023-01-17 00:00:00,24,2,302.8,5
1944,2023-01-19 00:00:00,4,4,238.12,10
1945,2023-08-07 00:00:00,37,1,377.67,4
1946,2023-11-22 00:00:00,4,1,122.51,1
1947,2023-04-30 00:00:00,13,1,25.12,7
1948,2023-04-11 00:00:00,25,4,392.75,8
1949,2023-02-03 00:00:00,13,4,414.39,2
1950,2023-03-25 00:00:00,18,4,48.55,7
1951,2023-07-15 00:00:00,24,2,313.24,6
1952,2023-11-26 00:00:00,2,3,201.54,5
1953,2023-07-21 00:00:00,48,3,401.07,4
1954,2023-12-10 00:00:00,33,1,439.72,2
1955,2023-12-07 00:00:00,19,2,428.48,10
1956,2023-01-11 00:00:00,9,4,393.06,6
1957,2023-12-13 00:00:00,28,1,149.15,5
1958,2023-08-06 00:00:00,35,2,409.71,2
1959,2023-09-10 00:00:00,39,1,276.07,10
1960,2023-08-10 00:00:00,10,2,45.32,7
1961,2023-03-21 00:00:00,1,2,239.33,6
1962,2023-01-07 00:00:00,42,3,472.24,9
1963,2023-09-29 00:00:00,21,1,446.17,10
1964,2023-08-15 00:00:00,9,4,69.09,5
1965,2023-01-16 00:00:00,47,3,377.18,9
1966,2023-01-12 00:00:00,15,3,406.78,9
1967,2023-10-18 00:00:00,35,4,150.27,1
1968,2023-08-29 00:00:00,5,2,246.37,5
1969,2023-01-21 00:00:00,41,4,361.27,9
1970,2023-06-27 00:00:00,22,1,230.74,7
1971,2023-08-16 00:00:00,41,4,74.14,6
1972,2023-09-30 00:00:00,23,2,358.82,6
1973,2023-10-15 00:00:00,7,4,457.59,7
1974,2023-10-24 00:00:00,23,2,333.19,1
1975,2023-05-14 00:00:00,44,2,391.42,4
1976,2023-10-10 00:00:00,25,1,192.01,1
1977,2023-06-02 00:00:00,27,4,107.94,6
1978,2023-03-07 00:00:00,41,4,328.53,4
1979,2023-05-17 00:00:00,6,1,177.33,1
1980,2023-04-02 00:00:00,34,2,432.84,9
1981,2023-11-13 00:00:00,9,4,78.86,4
1982,2023-09-16 00:00:00,49,1,228.06,6
1983,2023-04-13 00:00:00,33,2,210.43,7
1984,2023-02-24 00:00:00,6,1,470.27,8
1985,2023-09-14 00:00:00,37,4,93.5,9
1986,2023-04-11 00:00:00,31,1,24.73,9
1987,2023-07-17 00:00:00,34,3,134.28,8
1988,2023-10-28 00:00:00,41,2,413.73,10
1989,2023-08-14 00:00:00,29,3,120.47,3
1990,2023-08-25 00:00:00,14,3,135.62,2
1991,2023-01-26 00:00:00,36,2,82.35,5
1992,2023-05-01 00:00:00,36,2,363.41,1
1993,2023-07-01 00:00:00,15,1,53.2,3
1994,2023-07-18 00:00:00,8,2,178.98,1
1995,2023-10-29 00:00:00,26,3,155.6,3
1996,2023-09-12 00:00:00,36,3,286.48,4
1997,2023-05-02 00:00:00,48,4,370.6,7
1998,2023-01-31 00:00:00,21,2,275.78,5
1999,2023-11-11 00:00:00,28,3,466.89,5
2000,2023-10-12 00:00:00,4,4,476.69,1
2001,2023-04-16 00:00:00,16,4,193.5,8
2002,2023-08-12 00:00:00,22,1,393.29,4
2003,2023-09-30 00:00:00,12,3,374.62,10
2004,2023-08-20 00:00:00,16,1,448.62,5
2005,2023-09-13 00:00:00,40,3,235.01,2
2006,2023-01-24 00:00:00,38,1,274.63,1
2007,2023-04-19 00:00:00,42,1,219.57,9
2008,2023-07-10 00:00:00,37,2,428.18,2
2009,2023-12-13 00:00:00,29,1,130.26,6
2010,2023-01-25 00:00:00,18,2,135.06,1
2011,2023-07-06 00:00:00,10,4,198.85,1
2012,2023-10-15 00:00:00,42,3,130.56,9
2013,2023-04-26 00:00:00,39,4,289.28,4
2014,2023-12-04 00:00:00,18,3,84.56,9
2015,2023-02-06 00:00:00,1,4,173.69,5
2016,2023-10-09 00:00:00,39,3,458.45,7
2017,2023-05-17 00:00:00,21,1,216.43,1
2018,2023-08-15 00:00:00,1,3,379.15,6
2019,2023-11-16 00:00:00,15,3,74.46,8
2020,2023-11-24 00:00:00,4,4,138.83,1
2021,2023-07-01 00:00:00,20,4,407.53,9
2022,2023-12-28 00:00:00,10,4,386.24,3
2023,2023-03-27 00:00:00,23,2,205.35,1
2024,2023-02-22 00:00:00,41,2,478.11,1
2025,2023-12-14 00:00:00,34,3,457.11,6
2026,2023-12-21 00:00:00,46,3,481.9,6
2027,2023-08-23 00:00:00,48,1,225.4,1
2028,2023-09-24 00:00:00,33,1,114.79,3
2029,2023-10-14 00:00:00,34,3,320.8,7
2030,2023-04-10 00:00:00,39,2,348.69,10
2031,2023-03-28 00:00:00,10,3,80.21,3
2032,2023-01-15 00:00:00,20,1,397.51,3
2033,2023-04-11 00:00:00,1,2,28.67,3
2034,2023-06-14 00:00:00,13,2,251.71,7
2035,2023-01-29 00:00:00,1,1,178.89,4
2036,2023-04-24 00:00:00,5,3,375.35,4
2037,2023-04-17 00:00:00,16,4,170.13,3
2038,2023-12-30 00:00:00,15,3,416.87,10
2039,2023-05-10 00:00:00,49,3,305.58,9
2040,2023-03-25 00:00:00,28,1,401.07,2
2041,2023-09-28 00:00:00,31,2,494.88,4
2042,2023-09-01 00:00:00,23,1,346,8
2043,2023-08-02 00:00:00,48,3,492.78,6
2044,2023-11-02 00:00:00,45,4,33.84,7
2045,2023-06-15 00:00:00,43,4,182.31,7
2046,2023-10-06 00:00:00,17,4,71.77,2
2047,2023-02-28 00:00:00,49,1,145.91,4
2048,2023-03-31 00:00:00,34,2,422.67,10
2049,2023-11-27 00:00:00,13,1,35.52,10
2050,2023-07-13 00:00:00,14,4,269.69,6
2051,2023-05-03 00:00:00,11,3,292.22,3
2052,2023-05-16 00:00:00,28,2,289.35,9
2053,2023-05-19 00:00:00,42,1,248.14,4
2054,2023-08-17 00:00:00,32,1,399.49,10
2055,2023-10-01 00:00:00,35,2,84.1,2
2056,2023-02-19 00:00:00,31,2,169.08,6
2057,2023-04-28 00:00:00,17,3,315.55,1
2058,2023-07-21 00:00:00,47,2,351.66,6
2059,2023-07-10 00:00:00,9,3,213.99,10
2060,2023-12-30 00:00:00,10,4,440.18,1
2061,2023-11-19 00:00:00,8,4,219.44,8
2062,2023-06-30 00:00:00,21,1,213.33,5
2063,2023-03-19 00:00:00,13,4,37.38,6
2064,2023-03-16 00:00:00,50,4,284.55,2
2065,2023-10-22 00:00:00,5,3,360.17,2
2066,2023-10-08 00:00:00,6,1,74.93,9
2067,2023-01-21 00:00:00,30,2,166.61,3
2068,2023-06-20 00:00:00,31,1,395,6
2069,2023-01-15 00:00:00,17,4,195.64,10
2070,2023-07-30 00:00:00,11,2,135.97,5
2071,2023-02-17 00:00:00,20,1,342.66,4
2072,2023-03-27 00:00:00,48,1,114.44,10
2073,2023-05-29 00:00:00,9,1,449.91,2
2074,2023-07-07 00:00:00,2,1,70.69,8
2075,2023-11-02 00:00:00,37,3,359.14,10
2076,2023-05-31 00:00:00,1,1,259.78,7
2077,2023-05-21 00:00:00,4,4,437.57,2
2078,2023-03-10 00:00:00,36,4,80.57,6
2079,2023-09-17 00:00:00,25,3,345.39,8
2080,2023-11-30 00:00:00,3,2,294.59,7
2081,2023-01-09 00:00:00,9,2,250.44,1
2082,2023-05-01 00:00:00,22,4,255.88,5
2083,2023-04-11 00:00:00,23,4,366.55,2
2084,2023-05-29 00:00:00,12,3,470.12,6
2085,2023-05-26 00:00:00,10,2,63.8,7
2086,2023-12-19 00:00:00,34,2,29.36,7
2087,2023-08-31 00:00:00,43,1,406.74,3
2088,2023-08-29 00:00:00,10,1,71.92,7
2089,2023-12-03 00:00:00,30,1,493.61,5
2090,2023-02-12 00:00:00,22,3,317.29,8
2091,2023-04-05 00:00:00,6,4,332.42,8
2092,2023-08-14 00:00:00,50,3,115.47,7
2093,2023-01-06 00:00:00,2,2,135.35,6
2094,2023-08-02 00:00:00,30,4,336.49,2
2095,2023-07-25 00:00:00,2,1,456.67,6
2096,2023-03-08 00:00:00,32,3,491.55,9
2097,2023-04-10 00:00:00,42,3,115.05,2
2098,2023-01-12 00:00:00,16,1,84.38,1
2099,2023-08-25 00:00:00,12,3,47.07,5
2100,2023-11-18 00:00:00,1,1,436.78,6
2101,2023-09-15 00:00:00,8,2,161.46,3
2102,2023-12-03 00:00:00,48,4,20.87,8
2103,2023-05-15 00:00:00,50,2,127.43,7
2104,2023-08-10 00:00:00,13,2,183.41,2
2105,2023-06-05 00:00:00,15,1,495.67,7
2106,2023-05-22 00:00:00,44,3,271.3,1
2107,2023-06-07 00:00:00,8,2,118.26,9
2108,2023-11-22 00:00:00,10,2,180.71,7
2109,2023-12-10 00:00:00,46,2,178.55,6
2110,2023-09-19 00:00:00,5,3,29.47,2
2111,2023-10-10 00:00:00,50,3,84.89,3
2112,2023-12-04 00:00:00,19,1,353.69,1
2113,2023-12-10 00:00:00,47,2,77.72,10
2114,2023-08-17 00:00:00,38,4,130.75,5
2115,2023-10-07 00:00:00,11,3,188.35,9
2116,2023-12-24 00:00:00,43,1,383.71,6
2117,2023-10-17 00:00:00,20,2,299.55,5
2118,2023-06-17 00:00:00,20,4,350.72,3
2119,2023-02-16 00:00:00,21,3,292.17,5
2120,2023-07-22 00:00:00,18,4,348.12,8
2121,2023-08-02 00:00:00,50,3,21.36,2
2122,2023-09-03 00:00:00,10,1,466.83,5
2123,2023-01-24 00:00:00,34,4,73.24,6
2124,2023-11-17 00:00:00,26,2,215,10
2125,2023-10-01 00:00:00,30,2,390.1,8
2126,2023-02-13 00:00:00,9,3,228.91,8
2127,2023-11-28 00:00:00,46,2,474.48,5
2128,2023-11-09 00:00:00,31,4,244.44,9
2129,2023-12-29 00:00:00,42,1,439.97,4
2130,2023-06-05 00:00:00,4,3,409.2,9
2131,2023-07-18 00:00:00,6,4,490.87,7
2132,2023-06-11 00:00:00,14,3,464.74,6
2133,2023-08-22 00:00:00,4,1,451.1,4
2134,2023-06-12 00:00:00,26,3,371.17,2
2135,2023-04-26 00:00:00,47,2,196.16,8
2136,2023-04-03 00:00:00,48,2,70.94,6
2137,2023-02-11 00:00:00,39,3,350.55,3
2138,2023-10-11 00:00:00,17,1,489.75,7
2139,2023-07-29 00:00:00,19,1,368.77,10
2140,2023-07-25 00:00:00,49,2,465.79,7
2141,2023-08-08 00:00:00,6,1,406.07,6
2142,2023-10-07 00:00:00,29,3,98.3,2
2143,2023-05-16 00:00:00,11,4,139.62,8
2144,2023-04-16 00:00:00,16,3,184.1,1
2145,2023-04-28 00:00:00,30,2,100.77,1
2146,2023-08-25 00:00:00,25,2,299.19,6
2147,2023-11-05 00:00:00,40,2,488.22,5
2148,2023-04-10 00:00:00,11,1,385.5,9
2149,2023-09-18 00:00:00,7,3,223.23,7
2150,2023-11-01 00:00:00,26,4,22.16,2
2151,2023-12-20 00:00:00,22,3,170.37,7
2152,2023-10-13 00:00:00,25,4,272.84,3
2153,2023-11-24 00:00:00,19,3,175.64,1
2154,2023-04-13 00:00:00,31,2,73.3,8
2155,2023-03-04 00:00:00,26,4,232.53,3
2156,2023-06-24 00:00:00,42,3,141.56,8
2157,2023-10-09 00:00:00,41,1,456.43,7
2158,2023-10-20 00:00:00,36,1,68.84,2
2159,2023-08-14 00:00:00,23,3,43.59,1
2160,2023-01-07 00:00:00,47,2,22.55,7
2161,2023-05-07 00:00:00,13,4,177.47,1
2162,2023-04-02 00:00:00,25,3,336.99,6
2163,2023-07-09 00:00:00,2,1,370.6,10
2164,2023-12-25 00:00:00,2,4,237.57,10
2165,2023-02-22 00:00:00,16,1,348.48,8
2166,2023-08-30 00:00:00,9,1,192.76,7
2167,2023-05-12 00:00:00,28,3,340.55,4
2168,2023-12-30 00:00:00,13,1,39.49,1
2169,2023-04-22 00:00:00,35,4,207.56,1
2170,2023-01-07 00:00:00,41,2,399.61,4
2171,2023-08-18 00:00:00,13,3,405.44,5
2172,2023-06-05 00:00:00,31,4,363.75,7
2173,2023-07-16 00:00:00,21,3,118.03,4
2174,2023-11-19 00:00:00,32,1,138.66,10
2175,2023-12-30 00:00:00,34,1,498.12,1
2176,2023-08-11 00:00:00,8,4,69.62,10
2177,2023-09-07 00:00:00,41,4,106.72,7
2178,2023-03-24 00:00:00,48,2,82.41,2
2179,2023-08-28 00:00:00,2,4,177.27,2
2180,2023-12-26 00:00:00,38,4,120.88,8
2181,2023-11-19 00:00:00,32,3,258.89,10
2182,2023-09-20 00:00:00,40,1,248.49,10
2183,2023-07-08 00:00:00,28,4,452.72,10
2184,2023-10-17 00:00:00,37,2,36.68,5
2185,2023-12-28 00:00:00,41,4,173.54,10
2186,2023-02-27 00:00:00,1,1,306.4,2
2187,2023-01-09 00:00:00,41,4,310.3,5
2188,2023-10-31 00:00:00,10,3,250.46,8
2189,2023-04-25 00:00:00,4,1,411.52,6
2190,2023-07-29 00:00:00,35,4,50.11,3
2191,2023-02-10 00:00:00,10,3,411.43,8
2192,2023-10-31 00:00:00,47,1,257.48,9
2193,2023-06-22 00:00:00,11,4,84.21,5
2194,2023-08-22 00:00:00,14,3,445.14,2
2195,2023-10-08 00:00:00,38,2,331.63,2
2196,2023-03-19 00:00:00,12,3,98.5,7
2197,2023-04-18 00:00:00,45,2,36.15,1
2198,2023-10-08 00:00:00,17,4,87.73,10
2199,2023-02-08 00:00:00,16,3,312.22,2
2200,2023-04-29 00:00:00,35,2,106.06,10
2201,2023-12-01 00:00:00,2,1,128.37,4
2202,2023-12-02 00:00:00,11,3,32.07,1
2203,2023-01-27 00:00:00,41,4,367.01,4
2204,2023-04-14 00:00:00,3,1,408.97,10
2205,2023-03-15 00:00:00,29,2,402.49,5
2206,2023-07-10 00:00:00,18,3,81.23,9
2207,2023-11-20 00:00:00,20,3,453.58,1
2208,2023-05-27 00:00:00,47,4,342.69,5
2209,2023-09-12 00:00:00,14,1,450.81,2
2210,2023-10-11 00:00:00,34,3,234.64,9
2211,2023-08-01 00:00:00,49,3,229.74,6
2212,2023-05-03 00:00:00,31,1,396.58,2
2213,2023-07-25 00:00:00,40,3,64.78,3
2214,2023-08-28 00:00:00,42,1,270.02,8
2215,2023-12-05 00:00:00,18,1,421.46,1
2216,2023-10-13 00:00:00,30,1,418.49,3
2217,2023-01-22 00:00:00,25,4,478.94,10
2218,2023-09-16 00:00:00,19,1,355.17,1
2219,2023-12-23 00:00:00,8,1,119.73,8
2220,2023-04-15 00:00:00,28,2,29.73,1
2221,2023-09-15 00:00:00,8,2,250.12,5
2222,2023-07-23 00:00:00,31,4,266.58,4
2223,2023-11-06 00:00:00,3,1,135.33,7
2224,2023-09-19 00:00:00,3,2,79.85,5
2225,2023-04-17 00:00:00,44,2,301.38,8
2226,2023-09-08 00:00:00,22,3,386.84,1
2227,2023-08-09 00:00:00,17,1,496.71,5
2228,2023-08-10 00:00:00,36,2,383.99,4
2229,2023-09-15 00:00:00,17,4,400.94,3
2230,2023-07-20 00:00:00,14,3,315.9,5
2231,2023-09-15 00:00:00,9,3,493.24,10
2232,2023-12-15 00:00:00,30,1,327.18,3
2233,2023-08-13 00:00:00,21,1,432.92,8
2234,2023-07-21 00:00:00,12,3,473.98,3
2235,2023-08-14 00:00:00,37,4,466.33,1
2236,2023-08-24 00:00:00,32,1,203.08,9
2237,2023-07-02 00:00:00,11,1,57.76,9
2238,2023-07-19 00:00:00,20,3,102.5,6
2239,2023-12-23 00:00:00,35,3,48.43,10
2240,2023-09-03 00:00:00,47,1,70.59,1
2241,2023-12-19 00:00:00,46,2,108.63,8
2242,2023-04-21 00:00:00,11,1,183.73,2
2243,2023-01-06 00:00:00,8,2,280.9,9
2244,2023-08-24 00:00:00,4,3,361.61,8
2245,2023-05-07 00:00:00,27,2,121.25,3
2246,2023-04-14 00:00:00,44,4,342.81,5
2247,2023-08-25 00:00:00,40,3,358.04,9
2248,2023-06-04 00:00:00,38,1,288.14,1
2249,2023-09-14 00:00:00,47,1,453.74,9
2250,2023-08-23 00:00:00,30,3,73.28,4
2251,2023-10-16 00:00:00,44,3,105.02,4
2252,2023-02-09 00:00:00,48,4,225.76,4
2253,2023-10-15 00:00:00,48,3,80.82,10
2254,2023-07-16 00:00:00,27,1,291.82,9
2255,2023-09-30 00:00:00,21,4,211.23,6
2256,2023-09-21 00:00:00,20,1,156.61,8
2257,2023-02-26 00:00:00,4,2,101.6,4
2258,2023-10-25 00:00:00,11,3,180.96,3
2259,2023-04-08 00:00:00,13,2,311.82,1
2260,2023-05-17 00:00:00,9,1,296.38,10
2261,2023-03-28 00:00:00,4,2,98.54,7
2262,2023-08-30 00:00:00,12,2,79.96,4
2263,2023-07-18 00:00:00,9,1,32.8,8
2264,2023-11-06 00:00:00,13,1,25.96,3
2265,2023-03-25 00:00:00,48,3,442.31,1
2266,2023-08-30 00:00:00,26,2,41.64,5
2267,2023-10-08 00:00:00,38,4,370.99,2
2268,2023-11-19 00:00:00,42,4,438.55,3
2269,2023-09-09 00:00:00,13,1,67.07,6
2270,2023-07-09 00:00:00,39,1,229.42,3
2271,2023-06-01 00:00:00,28,2,481.91,3
2272,2023-10-29 00:00:00,19,1,420.39,6
2273,2023-10-05 00:00:00,24,4,255.06,5
2274,2023-05-19 00:00:00,19,3,386.03,10
2275,2023-06-25 00:00:00,49,3,420.02,9
2276,2023-01-08 00:00:00,13,2,187.05,1
2277,2023-10-22 00:00:00,13,3,448.23,3
2278,2023-08-23 00:00:00,28,1,245.83,3
2279,2023-06-12 00:00:00,2,1,273.35,6
2280,2023-02-18 00:00:00,10,1,499.86,8
2281,2023-10-29 00:00:00,22,1,424.79,3
2282,2023-02-07 00:00:00,13,2,193.65,3
2283,2023-05-16 00:00:00,9,3,24.97,6
2284,2023-11-06 00:00:00,33,4,320.56,8
2285,2023-08-07 00:00:00,14,3,357.88,6
2286,2023-12-14 00:00:00,48,1,332.39,10
2287,2023-10-23 00:00:00,20,4,484.57,3
2288,2023-02-03 00:00:00,15,2,434.23,4
2289,2023-12-18 00:00:00,32,1,235.44,1
2290,2023-03-20 00:00:00,33,1,50.17,8
2291,2023-08-24 00:00:00,17,4,248.51,4
2292,2023-09-30 00:00:00,24,2,350.84,6
2293,2023-06-10 00:00:00,30,4,311.7,3
2294,2023-06-24 00:00:00,13,2,278.31,6
2295,2023-11-04 00:00:00,47,1,245.03,9
2296,2023-08-09 00:00:00,48,3,161.01,9
2297,2023-01-09 00:00:00,16,1,153.13,10
2298,2023-10-16 00:00:00,2,3,260.11,3
2299,2023-04-23 00:00:00,17,3,97.09,3
2300,2023-07-24 00:00:00,32,2,183.53,4
2301,2023-07-05 00:00:00,43,4,175.51,7
2302,2023-12-07 00:00:00,8,2,301.82,3
2303,2023-07-16 00:00:00,3,1,52.01,10
2304,2023-09-23 00:00:00,12,4,418.24,8
2305,2023-09-19 00:00:00,20,3,289.94,8
2306,2023-09-05 00:00:00,16,3,342,6
2307,2023-04-25 00:00:00,14,1,357.49,4
2308,2023-05-01 00:00:00,16,4,159.91,5
2309,2023-05-21 00:00:00,49,1,245.78,2
2310,2023-03-06 00:00:00,43,1,479,6
2311,2023-10-03 00:00:00,49,2,388.02,3
2312,2023-11-09 00:00:00,33,1,485.39,6
2313,2023-08-27 00:00:00,30,4,378.2,5
2314,2023-10-29 00:00:00,12,1,104.29,2
2315,2023-01-10 00:00:00,15,4,50.98,5
2316,2023-08-21 00:00:00,18,3,297.28,5
2317,2023-07-14 00:00:00,28,1,191.75,9
2318,2023-01-12 00:00:00,23,4,152.22,8
2319,2023-06-26 00:00:00,14,3,407.46,7
2320,2023-06-26 00:00:00,30,4,196.16,3
2321,2023-08-05 00:00:00,33,3,172.16,10
2322,2023-01-11 00:00:00,45,2,427.99,4
2323,2023-04-28 00:00:00,15,1,426.22,6
2324,2023-06-13 00:00:00,7,1,191.06,3
2325,2023-02-08 00:00:00,15,3,419.6,9
2326,2023-02-22 00:00:00,42,2,428.37,8
2327,2023-08-06 00:00:00,46,4,223.49,6
2328,2023-07-25 00:00:00,38,2,51.91,4
2329,2023-11-08 00:00:00,46,4,20.76,7
2330,2023-12-26 00:00:00,44,4,271.18,3
2331,2023-02-25 00:00:00,11,1,185.16,10
2332,2023-04-28 00:00:00,29,3,498.62,8
2333,2023-09-10 00:00:00,31,1,390.76,1
2334,2023-10-13 00:00:00,25,1,385.41,3
2335,2023-09-25 00:00:00,24,1,478.52,5
2336,2023-10-18 00:00:00,19,4,446.11,5
2337,2023-11-29 00:00:00,2,1,172.73,10
2338,2023-06-29 00:00:00,22,4,99.67,2
2339,2023-12-24 00:00:00,20,3,378.03,10
2340,2023-08-23 00:00:00,33,4,201.57,8
2341,2023-12-09 00:00:00,8,4,247.12,5
2342,2023-07-15 00:00:00,25,2,322.59,7
2343,2023-11-04 00:00:00,46,1,455.78,7
2344,2023-03-21 00:00:00,9,1,221.16,5
2345,2023-05-15 00:00:00,34,1,395.99,8
2346,2023-01-22 00:00:00,23,1,148.8,9
2347,2023-11-27 00:00:00,5,2,355.03,4
2348,2023-08-13 00:00:00,25,2,20.76,4
2349,2023-02-27 00:00:00,8,2,438.32,8
2350,2023-04-03 00:00:00,16,2,34.58,1
2351,2023-07-11 00:00:00,48,1,362.12,4
2352,2023-04-13 00:00:00,45,4,42.2,6
2353,2023-01-07 00:00:00,15,3,147.8,4
2354,2023-05-08 00:00:00,1,2,258.66,6
2355,2023-02-24 00:00:00,22,4,221.57,5
2356,2023-08-19 00:00:00,3,2,112.08,9
2357,2023-12-28 00:00:00,38,1,180.23,10
2358,2023-03-03 00:00:00,14,1,369.3,9
2359,2023-08-28 00:00:00,36,4,341.24,4
2360,2023-03-31 00:00:00,18,4,54.47,4
2361,2023-08-20 00:00:00,47,4,378.71,8
2362,2023-08-21 00:00:00,41,1,45.46,10
2363,2023-12-20 00:00:00,18,1,280.6,4
2364,2023-11-29 00:00:00,3,3,144.83,2
2365,2023-10-19 00:00:00,10,4,302.09,2
2366,2023-12-11 00:00:00,49,3,145.44,1
2367,2023-06-01 00:00:00,39,2,492.78,5
2368,2023-05-25 00:00:00,47,3,168.67,6
2369,2023-05-10 00:00:00,1,2,136.14,9
2370,2023-05-21 00:00:00,27,2,153.66,5
2371,2023-04-03 00:00:00,27,3,450.31,6
2372,2023-04-24 00:00:00,11,4,325.39,6
2373,2023-10-11 00:00:00,49,2,370.73,3
2374,2023-05-23 00:00:00,5,4,460.65,4
2375,2023-08-11 00:00:00,7,1,457.7,1
2376,2023-08-20 00:00:00,19,2,374.69,4
2377,2023-02-02 00:00:00,29,1,114.96,1
2378,2023-10-03 00:00:00,15,3,424.82,5
2379,2023-06-19 00:00:00,35,4,117.81,8
2380,2023-05-20 00:00:00,47,3,376.59,8
2381,2023-12-23 00:00:00,37,2,349.09,5
2382,2023-07-20 00:00:00,12,1,384.27,10
2383,2023-01-23 00:00:00,30,2,275.69,2
2384,2023-08-12 00:00:00,20,3,326.59,6
2385,2023-09-27 00:00:00,37,4,477.59,1
2386,2023-12-13 00:00:00,3,4,68.52,7
2387,2023-06-02 00:00:00,9,2,168.25,4
2388,2023-11-29 00:00:00,41,2,313.45,5
2389,2023-03-26 00:00:00,39,1,482.75,6
2390,2023-04-19 00:00:00,26,3,65.88,1
2391,2023-01-31 00:00:00,2,2,30.82,9
2392,2023-08-17 00:00:00,23,1,46.76,10
2393,2023-08-28 00:00:00,23,2,45.15,4
2394,2023-12-29 00:00:00,21,4,455.75,8
2395,2023-11-06 00:00:00,16,1,366.2,5
2396,2023-05-21 00:00:00,9,1,345.01,8
2397,2023-06-05 00:00:00,13,2,270.83,1
2398,2023-10-26 00:00:00,28,3,395.34,8
2399,2023-12-11 00:00:00,27,4,94.71,4
2400,2023-04-09 00:00:00,17,3,208.13,2
2401,2023-02-16 00:00:00,38,1,255.2,6
2402,2023-11-23 00:00:00,36,3,73,2
2403,2023-03-08 00:00:00,1,1,221.37,5
2404,2023-03-03 00:00:00,18,3,171.92,2
2405,2023-04-19 00:00:00,9,2,37.08,3
2406,2023-06-16 00:00:00,13,3,85.63,6
2407,2023-02-06 00:00:00,40,1,386.74,1
2408,2023-04-29 00:00:00,45,4,28.66,6
2409,2023-03-27 00:00:00,15,4,468.44,3
2410,2023-02-21 00:00:00,43,4,61.48,7
2411,2023-04-01 00:00:00,44,1,403.63,2
2412,2023-10-16 00:00:00,46,3,451.34,6
2413,2023-12-03 00:00:00,4,4,471.75,8
2414,2023-10-25 00:00:00,33,4,436.39,1
2415,2023-07-23 00:00:00,24,4,158.02,9
2416,2023-08-26 00:00:00,36,2,179.88,5
2417,2023-06-04 00:00:00,41,1,224.74,5
2418,2023-08-28 00:00:00,10,1,86.86,5
2419,2023-05-16 00:00:00,36,1,30.69,6
2420,2023-12-28 00:00:00,20,1,437.18,2
2421,2023-03-05 00:00:00,41,1,285.98,6
2422,2023-05-03 00:00:00,45,2,312.19,4
2423,2023-09-11 00:00:00,44,3,464.95,8
2424,2023-04-24 00:00:00,11,2,339.26,9
2425,2023-01-20 00:00:00,12,4,351.61,9
2426,2023-01-16 00:00:00,18,2,397.74,8
2427,2023-05-25 00:00:00,30,1,75.85,3
2428,2023-07-27 00:00:00,44,2,192.88,10
2429,2023-01-19 00:00:00,48,1,484.74,4
2430,2023-06-15 00:00:00,37,2,463.01,1
2431,2023-02-07 00:00:00,20,1,444.36,9
2432,2023-06-30 00:00:00,25,4,237,5
2433,2023-12-15 00:00:00,12,1,431.45,6
2434,2023-04-15 00:00:00,21,2,43.23,3
2435,2023-04-10 00:00:00,25,4,91.29,10
2436,2023-03-31 00:00:00,11,2,218.7,8
2437,2023-10-27 00:00:00,9,4,252.03,7
2438,2023-11-28 00:00:00,50,3,146.48,1
2439,2023-03-20 00:00:00,25,3,191.11,10
2440,2023-03-14 00:00:00,35,3,98.13,5
2441,2023-06-25 00:00:00,32,2,254.78,10
2442,2023-04-06 00:00:00,49,2,401.04,9
2443,2023-12-11 00:00:00,14,4,337.45,6
2444,2023-04-13 00:00:00,1,4,71.74,8
2445,2023-08-12 00:00:00,17,4,254.04,10
2446,2023-01-06 00:00:00,25,4,354.87,1
2447,2023-05-02 00:00:00,8,1,274.35,10
2448,2023-08-24 00:00:00,5,3,208,7
2449,2023-04-26 00:00:00,5,1,318.52,3
2450,2023-06-12 00:00:00,41,1,484.95,9
2451,2023-08-14 00:00:00,35,1,65.56,6
2452,2023-08-18 00:00:00,19,1,207.21,5
2453,2023-07-01 00:00:00,23,3,215.17,8
2454,2023-09-06 00:00:00,9,1,296.94,8
2455,2023-11-14 00:00:00,30,4,93.04,3
2456,2023-07-29 00:00:00,50,2,104.79,2
2457,2023-05-24 00:00:00,16,4,156.97,2
2458,2023-12-11 00:00:00,33,2,478.82,5
2459,2023-04-06 00:00:00,2,4,372.37,10
2460,2023-12-12 00:00:00,14,4,337.61,7
2461,2023-09-01 00:00:00,46,2,412.14,8
2462,2023-03-27 00:00:00,1,3,81.24,10
2463,2023-07-03 00:00:00,26,1,432.48,8
2464,2023-05-01 00:00:00,25,4,305.52,8
2465,2023-11-28 00:00:00,16,3,180.96,10
2466,2023-04-02 00:00:00,15,1,411.61,3
2467,2023-03-11 00:00:00,26,3,405.23,2
2468,2023-05-13 00:00:00,47,3,425.94,4
2469,2023-10-06 00:00:00,44,1,75.45,1
2470,2023-05-17 00:00:00,16,4,485.29,3
2471,2023-11-10 00:00:00,14,3,480.62,9
2472,2023-07-06 00:00:00,29,4,191.59,7
2473,2023-08-09 00:00:00,24,4,51.63,7
2474,2023-02-15 00:00:00,47,4,100.19,1
2475,2023-10-05 00:00:00,15,1,496.56,7
2476,2023-07-11 00:00:00,19,2,290.25,10
2477,2023-01-08 00:00:00,8,4,191.18,7
2478,2023-10-03 00:00:00,34,2,158.34,4
2479,2023-06-28 00:00:00,2,2,143.36,7
2480,2023-11-30 00:00:00,27,3,338.79,8
2481,2023-02-08 00:00:00,10,4,221.31,3
2482,2023-10-20 00:00:00,35,4,483.4,10
2483,2023-06-27 00:00:00,23,4,348.24,2
2484,2023-06-11 00:00:00,49,2,400.18,7
2485,2023-11-27 00:00:00,8,1,160.52,5
2486,2023-04-14 00:00:00,28,2,58.01,5
2487,2023-06-10 00:00:00,23,4,254.15,5
2488,2023-10-14 00:00:00,4,4,171,7
2489,2023-05-03 00:00:00,14,4,117,9
2490,2023-02-23 00:00:00,42,2,477.27,8
2491,2023-02-03 00:00:00,29,4,233.11,6
2492,2023-08-30 00:00:00,1,3,103.86,7
2493,2023-04-23 00:00:00,4,4,115.35,9
2494,2023-11-14 00:00:00,32,1,154.74,6
2495,2023-01-23 00:00:00,33,3,499.67,1
2496,2023-02-15 00:00:00,49,4,148.65,4
2497,2023-11-08 00:00:00,26,3,177.82,8
2498,2023-05-15 00:00:00,17,4,336.48,7
2499,2023-04-28 00:00:00,39,1,161.1,3
2500,2023-07-08 00:00:00,23,4,123.59,10
